Task_ID,Operator_ID,Machine_ID,Task_Type,Weather,Site_Terrain,Operator_Skill,Machine_Age,Estimated_Time,Actual_Time
T0001,OP01,M01,Excavation,Rainy,Sloped,Beginner,3.2,65,104
T0002,OP01,M01,Excavation,Rainy,Muddy,Beginner,3.2,75,129
T0003,OP01,M01,Loading,Rainy,Sloped,Beginner,3.2,35,56
T0004,OP01,M01,Loading,Rainy,Flat,Beginner,3.2,30,50
T0005,OP01,M01,Excavation,Rainy,Muddy,Beginner,3.2,70,119
T0006,OP02,M02,Loading,Rainy,Flat,Intermediate,5.5,35,43
T0007,OP02,M02,Hauling,Rainy,Muddy,Intermediate,5.5,60,84
T0008,OP02,M02,Loading,Rainy,Muddy,Intermediate,5.5,40,55
T0009,OP03,M03,Loading,Rainy,Muddy,Intermediate,8.1,30,40
T0010,OP03,M03,Excavation,Rainy,Muddy,Intermediate,8.1,55,76
T0011,OP03,M03,Excavation,Rainy,Flat,Intermediate,8.1,75,90
T0012,OP04,M04,Excavation,Rainy,Muddy,Expert,4.0,75,92
T0013,OP04,M04,Grading,Rainy,Sloped,Expert,4.0,45,54
T0014,OP04,M04,Excavation,Rainy,Flat,Expert,4.0,60,67
T0015,OP05,M05,Hauling,Rainy,Muddy,Expert,6.7,50,64
T0016,OP05,M05,Hauling,Rainy,Flat,Expert,6.7,45,53
T0017,OP05,M05,Hauling,Rainy,Muddy,Expert,6.7,30,39
T0018,OP05,M05,Hauling,Rainy,Flat,Expert,6.7,40,49
T0019,OP05,M05,Hauling,Rainy,Muddy,Expert,6.7,40,54
T0020,OP05,M05,Hauling,Rainy,Rocky,Expert,6.7,60,79
T0021,OP06,M06,Grading,Rainy,Rocky,Beginner,2.4,45,73
T0022,OP06,M06,Grading,Rainy,Muddy,Beginner,2.4,50,86
T0023,OP06,M06,Grading,Rainy,Sloped,Beginner,2.4,40,66
T0024,OP06,M06,Grading,Rainy,Muddy,Beginner,2.4,60,101
T0025,OP06,M06,Grading,Rainy,Rocky,Beginner,2.4,75,120
T0026,OP06,M06,Grading,Rainy,Muddy,Beginner,2.4,70,117
T0027,OP07,M01,Trenching,Clear,Flat,Intermediate,3.2,75,89
T0028,OP07,M01,Trenching,Clear,Flat,Intermediate,3.2,75,82
T0029,OP07,M01,Loading,Clear,Sloped,Intermediate,3.2,35,40
T0030,OP07,M01,Trenching,Clear,Muddy,Intermediate,3.2,65,79
T0031,OP07,M01,Excavation,Clear,Flat,Intermediate,3.2,60,64
T0032,OP07,M01,Excavation,Clear,Flat,Intermediate,3.2,65,73
T0033,OP08,M02,Loading,Clear,Flat,Beginner,5.5,40,48
T0034,OP08,M02,Loading,Clear,Muddy,Beginner,5.5,25,33
T0035,OP08,M02,Loading,Clear,Flat,Beginner,5.5,25,31
T0036,OP08,M02,Hauling,Clear,Muddy,Beginner,5.5,55,73
T0037,OP09,M03,Excavation,Clear,Flat,Intermediate,8.1,60,73
T0038,OP09,M03,Excavation,Clear,Flat,Intermediate,8.1,65,73
T0039,OP09,M03,Loading,Clear,Rocky,Intermediate,8.1,45,55
T0040,OP09,M03,Trenching,Clear,Muddy,Intermediate,8.1,50,68
T0041,OP09,M03,Loading,Clear,Rocky,Intermediate,8.1,45,54
T0042,OP10,M04,Excavation,Clear,Rocky,Expert,4.0,80,94
T0043,OP10,M04,Grading,Clear,Flat,Expert,4.0,45,44
T0044,OP10,M04,Grading,Clear,Rocky,Expert,4.0,40,42
T0045,OP10,M04,Excavation,Clear,Flat,Expert,4.0,80,84
T0046,OP10,M04,Grading,Clear,Flat,Expert,4.0,40,38
T0047,OP10,M04,Grading,Clear,Muddy,Expert,4.0,45,48
T0048,OP11,M05,Hauling,Clear,Flat,Beginner,6.7,50,62
T0049,OP11,M05,Hauling,Clear,Flat,Beginner,6.7,55,72
T0050,OP11,M05,Hauling,Clear,Muddy,Beginner,6.7,40,51
T0051,OP11,M05,Hauling,Clear,Sloped,Beginner,6.7,40,50
T0052,OP11,M05,Hauling,Clear,Rocky,Beginner,6.7,45,57
T0053,OP12,M06,Grading,Clear,Flat,Expert,2.4,50,49
T0054,OP12,M06,Grading,Clear,Muddy,Expert,2.4,60,67
T0055,OP12,M06,Grading,Clear,Sloped,Expert,2.4,70,76
T0056,OP01,M01,Loading,Cloudy,Sloped,Beginner,3.2,50,61
T0057,OP01,M01,Excavation,Cloudy,Muddy,Beginner,3.2,85,113
T0058,OP01,M01,Loading,Cloudy,Rocky,Beginner,3.2,45,58
T0059,OP01,M01,Trenching,Cloudy,Muddy,Beginner,3.2,50,68
T0060,OP01,M01,Loading,Cloudy,Rocky,Beginner,3.2,25,31
T0061,OP01,M01,Trenching,Cloudy,Flat,Beginner,3.2,75,87
T0062,OP02,M02,Hauling,Cloudy,Flat,Intermediate,5.5,35,41
T0063,OP02,M02,Hauling,Cloudy,Rocky,Intermediate,5.5,50,59
T0064,OP02,M02,Hauling,Cloudy,Flat,Intermediate,5.5,35,39
T0065,OP03,M03,Excavation,Cloudy,Flat,Intermediate,8.1,90,104
T0066,OP03,M03,Loading,Cloudy,Flat,Intermediate,8.1,35,38
T0067,OP03,M03,Trenching,Cloudy,Flat,Intermediate,8.1,45,52
T0068,OP04,M04,Grading,Cloudy,Rocky,Expert,4.0,70,76
T0069,OP04,M04,Excavation,Cloudy,Flat,Expert,4.0,85,89
T0070,OP04,M04,Grading,Cloudy,Rocky,Expert,4.0,65,75
T0071,OP04,M04,Grading,Cloudy,Flat,Expert,4.0,45,45
T0072,OP04,M04,Grading,Cloudy,Muddy,Expert,4.0,40,47
T0073,OP04,M04,Grading,Cloudy,Muddy,Expert,4.0,55,59
T0074,OP05,M05,Hauling,Cloudy,Flat,Expert,6.7,35,36
T0075,OP05,M05,Hauling,Cloudy,Muddy,Expert,6.7,40,48
T0076,OP05,M05,Hauling,Cloudy,Rocky,Expert,6.7,55,58
T0077,OP05,M05,Hauling,Cloudy,Flat,Expert,6.7,45,49
T0078,OP06,M06,Grading,Cloudy,Flat,Beginner,2.4,60,70
T0079,OP06,M06,Grading,Cloudy,Muddy,Beginner,2.4,55,76
T0080,OP06,M06,Grading,Cloudy,Flat,Beginner,2.4,55,64
T0081,OP06,M06,Grading,Cloudy,Sloped,Beginner,2.4,55,65
T0082,OP07,M01,Excavation,Clear,Flat,Intermediate,3.2,90,101
T0083,OP07,M01,Loading,Clear,Flat,Intermediate,3.2,35,39
T0084,OP07,M01,Excavation,Clear,Flat,Intermediate,3.2,50,54
T0085,OP07,M01,Loading,Clear,Muddy,Intermediate,3.2,40,47
T0086,OP07,M01,Excavation,Clear,Flat,Intermediate,3.2,70,70
T0087,OP08,M02,Loading,Clear,Flat,Beginner,5.5,40,48
T0088,OP08,M02,Hauling,Clear,Flat,Beginner,5.5,45,59
T0089,OP08,M02,Loading,Clear,Flat,Beginner,5.5,35,44
T0090,OP08,M02,Loading,Clear,Rocky,Beginner,5.5,45,58
T0091,OP08,M02,Loading,Clear,Flat,Beginner,5.5,25,31
T0092,OP08,M02,Loading,Clear,Muddy,Beginner,5.5,40,52
T0093,OP08,M02,Hauling,Clear,Rocky,Beginner,5.5,50,60
T0094,OP08,M02,Hauling,Clear,Sloped,Beginner,5.5,35,45
T0095,OP09,M03,Loading,Clear,Flat,Intermediate,8.1,35,40
T0096,OP09,M03,Trenching,Clear,Rocky,Intermediate,8.1,85,101
T0097,OP09,M03,Excavation,Clear,Flat,Intermediate,8.1,45,51
T0098,OP10,M04,Grading,Clear,Rocky,Expert,4.0,65,68
T0099,OP10,M04,Grading,Clear,Muddy,Expert,4.0,50,58
T0100,OP10,M04,Excavation,Clear,Muddy,Expert,4.0,65,73
T0101,OP10,M04,Grading,Clear,Flat,Expert,4.0,75,76
T0102,OP10,M04,Excavation,Clear,Rocky,Expert,4.0,80,81
T0103,OP11,M05,Hauling,Clear,Flat,Beginner,6.7,60,72
T0104,OP11,M05,Hauling,Clear,Rocky,Beginner,6.7,40,52
T0105,OP11,M05,Hauling,Clear,Flat,Beginner,6.7,35,40
T0106,OP11,M05,Hauling,Clear,Flat,Beginner,6.7,50,58
T0107,OP12,M06,Grading,Clear,Rocky,Expert,2.4,75,81
T0108,OP12,M06,Grading,Clear,Rocky,Expert,2.4,75,82
T0109,OP12,M06,Grading,Clear,Sloped,Expert,2.4,65,59
T0110,OP01,M01,Trenching,Windy,Sloped,Beginner,3.2,60,77
T0111,OP01,M01,Loading,Windy,Rocky,Beginner,3.2,35,48
T0112,OP01,M01,Trenching,Windy,Flat,Beginner,3.2,55,68
T0113,OP01,M01,Excavation,Windy,Muddy,Beginner,3.2,50,72
T0114,OP02,M02,Hauling,Windy,Flat,Intermediate,5.5,45,49
T0115,OP02,M02,Loading,Windy,Flat,Intermediate,5.5,25,30
T0116,OP02,M02,Hauling,Windy,Rocky,Intermediate,5.5,50,63
T0117,OP02,M02,Loading,Windy,Flat,Intermediate,5.5,40,51
T0118,OP02,M02,Loading,Windy,Rocky,Intermediate,5.5,30,37
T0119,OP03,M03,Loading,Windy,Muddy,Intermediate,8.1,40,55
T0120,OP03,M03,Loading,Windy,Sloped,Intermediate,8.1,50,68
T0121,OP03,M03,Trenching,Windy,Rocky,Intermediate,8.1,60,82
T0122,OP03,M03,Loading,Windy,Rocky,Intermediate,8.1,45,53
T0123,OP04,M04,Excavation,Windy,Flat,Expert,4.0,85,95
T0124,OP04,M04,Grading,Windy,Rocky,Expert,4.0,65,71
T0125,OP04,M04,Grading,Windy,Rocky,Expert,4.0,60,69
T0126,OP04,M04,Excavation,Windy,Rocky,Expert,4.0,60,68
T0127,OP05,M05,Hauling,Windy,Flat,Expert,6.7,55,59
T0128,OP05,M05,Hauling,Windy,Flat,Expert,6.7,45,52
T0129,OP05,M05,Hauling,Windy,Flat,Expert,6.7,45,49
T0130,OP05,M05,Hauling,Windy,Rocky,Expert,6.7,60,75
T0131,OP05,M05,Hauling,Windy,Flat,Expert,6.7,45,52
T0132,OP06,M06,Grading,Windy,Rocky,Beginner,2.4,55,74
T0133,OP06,M06,Grading,Windy,Flat,Beginner,2.4,45,58
T0134,OP06,M06,Grading,Windy,Muddy,Beginner,2.4,40,55
T0135,OP06,M06,Grading,Windy,Sloped,Beginner,2.4,55,74
T0136,OP06,M06,Grading,Windy,Flat,Beginner,2.4,55,65
T0137,OP07,M01,Trenching,Cloudy,Muddy,Intermediate,3.2,85,99
T0138,OP07,M01,Trenching,Cloudy,Muddy,Intermediate,3.2,60,72
T0139,OP07,M01,Trenching,Cloudy,Flat,Intermediate,3.2,60,67
T0140,OP07,M01,Excavation,Cloudy,Flat,Intermediate,3.2,70,74
T0141,OP07,M01,Excavation,Cloudy,Rocky,Intermediate,3.2,60,70
T0142,OP08,M02,Loading,Cloudy,Rocky,Beginner,5.5,45,62
T0143,OP08,M02,Loading,Cloudy,Flat,Beginner,5.5,25,31
T0144,OP08,M02,Hauling,Cloudy,Sloped,Beginner,5.5,55,69
T0145,OP08,M02,Hauling,Cloudy,Flat,Beginner,5.5,40,47
T0146,OP08,M02,Hauling,Cloudy,Sloped,Beginner,5.5,55,70
T0147,OP08,M02,Hauling,Cloudy,Flat,Beginner,5.5,55,69
T0148,OP09,M03,Trenching,Cloudy,Flat,Intermediate,8.1,70,82
T0149,OP09,M03,Trenching,Cloudy,Flat,Intermediate,8.1,65,75
T0150,OP09,M03,Trenching,Cloudy,Rocky,Intermediate,8.1,55,73
T0151,OP09,M03,Trenching,Cloudy,Flat,Intermediate,8.1,55,62
T0152,OP10,M04,Grading,Cloudy,Flat,Expert,4.0,75,75
T0153,OP10,M04,Excavation,Cloudy,Sloped,Expert,4.0,50,52
T0154,OP10,M04,Grading,Cloudy,Flat,Expert,4.0,55,57
T0155,OP10,M04,Excavation,Cloudy,Sloped,Expert,4.0,50,53
T0156,OP11,M05,Hauling,Cloudy,Rocky,Beginner,6.7,35,48
T0157,OP11,M05,Hauling,Cloudy,Flat,Beginner,6.7,60,79
T0158,OP11,M05,Hauling,Cloudy,Rocky,Beginner,6.7,35,41
T0159,OP11,M05,Hauling,Cloudy,Sloped,Beginner,6.7,50,64
T0160,OP12,M06,Grading,Cloudy,Sloped,Expert,2.4,65,66
T0161,OP12,M06,Grading,Cloudy,Flat,Expert,2.4,40,39
T0162,OP12,M06,Grading,Cloudy,Flat,Expert,2.4,70,64
T0163,OP12,M06,Grading,Cloudy,Rocky,Expert,2.4,40,45
T0164,OP12,M06,Grading,Cloudy,Sloped,Expert,2.4,50,52
T0165,OP01,M01,Loading,Rainy,Rocky,Beginner,3.2,30,49
T0166,OP01,M01,Trenching,Rainy,Rocky,Beginner,3.2,75,127
T0167,OP01,M01,Trenching,Rainy,Rocky,Beginner,3.2,70,119
T0168,OP02,M02,Loading,Rainy,Flat,Intermediate,5.5,25,30
T0169,OP02,M02,Hauling,Rainy,Flat,Intermediate,5.5,50,64
T0170,OP02,M02,Loading,Rainy,Muddy,Intermediate,5.5,40,53
T0171,OP02,M02,Hauling,Rainy,Flat,Intermediate,5.5,60,78
T0172,OP03,M03,Excavation,Rainy,Rocky,Intermediate,8.1,85,111
T0173,OP03,M03,Trenching,Rainy,Muddy,Intermediate,8.1,55,72
T0174,OP03,M03,Trenching,Rainy,Rocky,Intermediate,8.1,85,117
T0175,OP04,M04,Grading,Rainy,Rocky,Expert,4.0,65,80
T0176,OP04,M04,Grading,Rainy,Rocky,Expert,4.0,65,81
T0177,OP04,M04,Grading,Rainy,Muddy,Expert,4.0,40,49
T0178,OP04,M04,Excavation,Rainy,Muddy,Expert,4.0,55,73
T0179,OP05,M05,Hauling,Rainy,Flat,Expert,6.7,45,52
T0180,OP05,M05,Hauling,Rainy,Sloped,Expert,6.7,45,55
T0181,OP05,M05,Hauling,Rainy,Muddy,Expert,6.7,40,52
T0182,OP05,M05,Hauling,Rainy,Muddy,Expert,6.7,50,67
T0183,OP05,M05,Hauling,Rainy,Muddy,Expert,6.7,50,68
T0184,OP05,M05,Hauling,Rainy,Muddy,Expert,6.7,50,63
T0185,OP05,M05,Hauling,Rainy,Muddy,Expert,6.7,55,65
T0186,OP05,M05,Hauling,Rainy,Flat,Expert,6.7,55,63
T0187,OP06,M06,Grading,Rainy,Rocky,Beginner,2.4,75,120
T0188,OP06,M06,Grading,Rainy,Muddy,Beginner,2.4,65,109
T0189,OP06,M06,Grading,Rainy,Flat,Beginner,2.4,40,61
T0190,OP06,M06,Grading,Rainy,Muddy,Beginner,2.4,70,118
T0191,OP06,M06,Grading,Rainy,Muddy,Beginner,2.4,70,114
T0192,OP07,M01,Loading,Clear,Rocky,Intermediate,3.2,40,46
T0193,OP07,M01,Loading,Clear,Rocky,Intermediate,3.2,30,35
T0194,OP07,M01,Trenching,Clear,Muddy,Intermediate,3.2,70,83
T0195,OP07,M01,Excavation,Clear,Rocky,Intermediate,3.2,55,58
T0196,OP08,M02,Loading,Clear,Sloped,Beginner,5.5,40,51
T0197,OP08,M02,Hauling,Clear,Flat,Beginner,5.5,50,62
T0198,OP08,M02,Loading,Clear,Flat,Beginner,5.5,30,38
T0199,OP08,M02,Loading,Clear,Flat,Beginner,5.5,40,49
T0200,OP08,M02,Hauling,Clear,Muddy,Beginner,5.5,30,41
T0201,OP09,M03,Excavation,Clear,Rocky,Intermediate,8.1,80,103
T0202,OP09,M03,Trenching,Clear,Sloped,Intermediate,8.1,85,101
T0203,OP09,M03,Trenching,Clear,Flat,Intermediate,8.1,70,78
T0204,OP09,M03,Trenching,Clear,Sloped,Intermediate,8.1,80,95
T0205,OP09,M03,Trenching,Clear,Flat,Intermediate,8.1,50,53
T0206,OP10,M04,Grading,Clear,Flat,Expert,4.0,65,64
T0207,OP10,M04,Excavation,Clear,Rocky,Expert,4.0,75,78
T0208,OP10,M04,Grading,Clear,Muddy,Expert,4.0,60,68
T0209,OP10,M04,Grading,Clear,Sloped,Expert,4.0,45,49
T0210,OP11,M05,Hauling,Clear,Flat,Beginner,6.7,35,41
T0211,OP11,M05,Hauling,Clear,Flat,Beginner,6.7,50,60
T0212,OP11,M05,Hauling,Clear,Rocky,Beginner,6.7,35,44
T0213,OP11,M05,Hauling,Clear,Rocky,Beginner,6.7,50,64
T0214,OP12,M06,Grading,Clear,Flat,Expert,2.4,70,62
T0215,OP12,M06,Grading,Clear,Flat,Expert,2.4,75,79
T0216,OP12,M06,Grading,Clear,Rocky,Expert,2.4,60,64
T0217,OP12,M06,Grading,Clear,Muddy,Expert,2.4,60,64
T0218,OP12,M06,Grading,Clear,Flat,Expert,2.4,65,60
T0219,OP01,M01,Excavation,Clear,Flat,Beginner,3.2,70,80
T0220,OP01,M01,Trenching,Clear,Flat,Beginner,3.2,45,53
T0221,OP01,M01,Trenching,Clear,Rocky,Beginner,3.2,75,93
T0222,OP02,M02,Loading,Clear,Muddy,Intermediate,5.5,35,41
T0223,OP02,M02,Hauling,Clear,Rocky,Intermediate,5.5,55,73
T0224,OP02,M02,Loading,Clear,Muddy,Intermediate,5.5,25,32
T0225,OP02,M02,Loading,Clear,Sloped,Intermediate,5.5,30,35
T0226,OP02,M02,Hauling,Clear,Flat,Intermediate,5.5,55,62
T0227,OP03,M03,Excavation,Clear,Rocky,Intermediate,8.1,55,69
T0228,OP03,M03,Trenching,Clear,Rocky,Intermediate,8.1,65,82
T0229,OP03,M03,Loading,Clear,Flat,Intermediate,8.1,50,56
T0230,OP03,M03,Excavation,Clear,Sloped,Intermediate,8.1,60,74
T0231,OP03,M03,Trenching,Clear,Rocky,Intermediate,8.1,45,53
T0232,OP04,M04,Grading,Clear,Rocky,Expert,4.0,65,68
T0233,OP04,M04,Excavation,Clear,Sloped,Expert,4.0,80,78
T0234,OP04,M04,Excavation,Clear,Flat,Expert,4.0,90,91
T0235,OP04,M04,Excavation,Clear,Sloped,Expert,4.0,60,62
T0236,OP04,M04,Grading,Clear,Rocky,Expert,4.0,70,77
T0237,OP05,M05,Hauling,Clear,Flat,Expert,6.7,60,63
T0238,OP05,M05,Hauling,Clear,Rocky,Expert,6.7,45,49
T0239,OP05,M05,Hauling,Clear,Rocky,Expert,6.7,60,63
T0240,OP05,M05,Hauling,Clear,Muddy,Expert,6.7,60,65
T0241,OP05,M05,Hauling,Clear,Flat,Expert,6.7,60,60
T0242,OP05,M05,Hauling,Clear,Muddy,Expert,6.7,40,43
T0243,OP05,M05,Hauling,Clear,Muddy,Expert,6.7,60,70
T0244,OP05,M05,Hauling,Clear,Flat,Expert,6.7,60,58
T0245,OP06,M06,Grading,Clear,Flat,Beginner,2.4,60,74
T0246,OP06,M06,Grading,Clear,Rocky,Beginner,2.4,60,74
T0247,OP06,M06,Grading,Clear,Flat,Beginner,2.4,45,53
T0248,OP06,M06,Grading,Clear,Sloped,Beginner,2.4,40,49
T0249,OP06,M06,Grading,Clear,Flat,Beginner,2.4,65,78
T0250,OP06,M06,Grading,Clear,Flat,Beginner,2.4,55,63
T0251,OP07,M01,Trenching,Cloudy,Flat,Intermediate,3.2,85,93
T0252,OP07,M01,Excavation,Cloudy,Flat,Intermediate,3.2,80,86
T0253,OP07,M01,Trenching,Cloudy,Rocky,Intermediate,3.2,60,67
T0254,OP07,M01,Loading,Cloudy,Flat,Intermediate,3.2,35,39
T0255,OP08,M02,Loading,Cloudy,Flat,Beginner,5.5,50,59
T0256,OP08,M02,Hauling,Cloudy,Rocky,Beginner,5.5,55,77
T0257,OP08,M02,Hauling,Cloudy,Rocky,Beginner,5.5,40,52
T0258,OP09,M03,Loading,Cloudy,Flat,Intermediate,8.1,40,45
T0259,OP09,M03,Excavation,Cloudy,Rocky,Intermediate,8.1,70,87
T0260,OP09,M03,Trenching,Cloudy,Rocky,Intermediate,8.1,75,94
T0261,OP09,M03,Trenching,Cloudy,Sloped,Intermediate,8.1,50,59
T0262,OP09,M03,Loading,Cloudy,Flat,Intermediate,8.1,25,27
T0263,OP10,M04,Excavation,Cloudy,Rocky,Expert,4.0,55,60
T0264,OP10,M04,Grading,Cloudy,Muddy,Expert,4.0,50,55
T0265,OP10,M04,Excavation,Cloudy,Flat,Expert,4.0,75,79
T0266,OP10,M04,Excavation,Cloudy,Muddy,Expert,4.0,80,89
T0267,OP10,M04,Grading,Cloudy,Flat,Expert,4.0,65,64
T0268,OP10,M04,Grading,Cloudy,Flat,Expert,4.0,60,59
T0269,OP11,M05,Hauling,Cloudy,Rocky,Beginner,6.7,40,53
T0270,OP11,M05,Hauling,Cloudy,Sloped,Beginner,6.7,40,49
T0271,OP11,M05,Hauling,Cloudy,Flat,Beginner,6.7,40,46
T0272,OP11,M05,Hauling,Cloudy,Flat,Beginner,6.7,35,44
T0273,OP11,M05,Hauling,Cloudy,Rocky,Beginner,6.7,55,76
T0274,OP11,M05,Hauling,Cloudy,Sloped,Beginner,6.7,55,67
T0275,OP11,M05,Hauling,Cloudy,Muddy,Beginner,6.7,40,54
T0276,OP12,M06,Grading,Cloudy,Sloped,Expert,2.4,45,49
T0277,OP12,M06,Grading,Cloudy,Flat,Expert,2.4,75,81
T0278,OP12,M06,Grading,Cloudy,Rocky,Expert,2.4,55,59
T0279,OP12,M06,Grading,Cloudy,Sloped,Expert,2.4,60,68
T0280,OP12,M06,Grading,Cloudy,Muddy,Expert,2.4,45,53
T0281,OP12,M06,Grading,Cloudy,Sloped,Expert,2.4,40,40
T0282,OP01,M01,Trenching,Clear,Sloped,Beginner,3.2,50,64
T0283,OP01,M01,Trenching,Clear,Flat,Beginner,3.2,65,75
T0284,OP01,M01,Excavation,Clear,Flat,Beginner,3.2,55,68
T0285,OP02,M02,Loading,Clear,Flat,Intermediate,5.5,25,29
T0286,OP02,M02,Loading,Clear,Rocky,Intermediate,5.5,30,36
T0287,OP02,M02,Hauling,Clear,Sloped,Intermediate,5.5,35,42
T0288,OP02,M02,Loading,Clear,Muddy,Intermediate,5.5,45,54
T0289,OP02,M02,Loading,Clear,Muddy,Intermediate,5.5,30,34
T0290,OP03,M03,Trenching,Clear,Sloped,Intermediate,8.1,55,70
T0291,OP03,M03,Excavation,Clear,Rocky,Intermediate,8.1,60,75
T0292,OP03,M03,Trenching,Clear,Muddy,Intermediate,8.1,45,56
T0293,OP03,M03,Loading,Clear,Rocky,Intermediate,8.1,25,30
T0294,OP03,M03,Trenching,Clear,Sloped,Intermediate,8.1,75,93
T0295,OP03,M03,Trenching,Clear,Flat,Intermediate,8.1,50,52
T0296,OP04,M04,Grading,Clear,Muddy,Expert,4.0,70,80
T0297,OP04,M04,Excavation,Clear,Flat,Expert,4.0,75,74
T0298,OP04,M04,Grading,Clear,Flat,Expert,4.0,60,60
T0299,OP04,M04,Grading,Clear,Sloped,Expert,4.0,45,49
T0300,OP04,M04,Grading,Clear,Flat,Expert,4.0,75,76
T0301,OP05,M05,Hauling,Clear,Rocky,Expert,6.7,35,37
T0302,OP05,M05,Hauling,Clear,Flat,Expert,6.7,60,63
T0303,OP05,M05,Hauling,Clear,Flat,Expert,6.7,55,54
T0304,OP05,M05,Hauling,Clear,Flat,Expert,6.7,55,53
T0305,OP05,M05,Hauling,Clear,Flat,Expert,6.7,55,51
T0306,OP06,M06,Grading,Clear,Flat,Beginner,2.4,75,85
T0307,OP06,M06,Grading,Clear,Muddy,Beginner,2.4,55,66
T0308,OP06,M06,Grading,Clear,Rocky,Beginner,2.4,50,69
T0309,OP06,M06,Grading,Clear,Flat,Beginner,2.4,75,88
T0310,OP07,M01,Excavation,Rainy,Muddy,Intermediate,3.2,55,73
T0311,OP07,M01,Loading,Rainy,Flat,Intermediate,3.2,35,43
T0312,OP07,M01,Loading,Rainy,Muddy,Intermediate,3.2,45,59
T0313,OP07,M01,Loading,Rainy,Rocky,Intermediate,3.2,50,67
T0314,OP07,M01,Excavation,Rainy,Sloped,Intermediate,3.2,85,106
T0315,OP08,M02,Loading,Rainy,Rocky,Beginner,5.5,35,59
T0316,OP08,M02,Loading,Rainy,Muddy,Beginner,5.5,30,51
T0317,OP08,M02,Loading,Rainy,Muddy,Beginner,5.5,40,71
T0318,OP08,M02,Hauling,Rainy,Rocky,Beginner,5.5,35,59
T0319,OP09,M03,Trenching,Rainy,Rocky,Intermediate,8.1,65,88
T0320,OP09,M03,Loading,Rainy,Sloped,Intermediate,8.1,25,34
T0321,OP09,M03,Trenching,Rainy,Rocky,Intermediate,8.1,50,69
T0322,OP10,M04,Excavation,Rainy,Rocky,Expert,4.0,50,61
T0323,OP10,M04,Grading,Rainy,Sloped,Expert,4.0,60,72
T0324,OP10,M04,Excavation,Rainy,Flat,Expert,4.0,90,107
T0325,OP10,M04,Excavation,Rainy,Muddy,Expert,4.0,70,89
T0326,OP10,M04,Excavation,Rainy,Muddy,Expert,4.0,75,89
T0327,OP10,M04,Grading,Rainy,Muddy,Expert,4.0,75,97
T0328,OP11,M05,Hauling,Rainy,Muddy,Beginner,6.7,45,75
T0329,OP11,M05,Hauling,Rainy,Flat,Beginner,6.7,45,80
T0330,OP11,M05,Hauling,Rainy,Sloped,Beginner,6.7,45,75
T0331,OP11,M05,Hauling,Rainy,Muddy,Beginner,6.7,60,104
T0332,OP11,M05,Hauling,Rainy,Rocky,Beginner,6.7,35,59
T0333,OP11,M05,Hauling,Rainy,Rocky,Beginner,6.7,55,93
T0334,OP11,M05,Hauling,Rainy,Muddy,Beginner,6.7,35,62
T0335,OP12,M06,Grading,Rainy,Rocky,Expert,2.4,45,55
T0336,OP12,M06,Grading,Rainy,Muddy,Expert,2.4,65,82
T0337,OP12,M06,Grading,Rainy,Muddy,Expert,2.4,65,78
T0338,OP12,M06,Grading,Rainy,Muddy,Expert,2.4,70,87
T0339,OP12,M06,Grading,Rainy,Sloped,Expert,2.4,45,49
T0340,OP12,M06,Grading,Rainy,Muddy,Expert,2.4,75,90
T0341,OP01,M01,Trenching,Cloudy,Flat,Beginner,3.2,80,89
T0342,OP01,M01,Trenching,Cloudy,Flat,Beginner,3.2,55,72
T0343,OP01,M01,Excavation,Cloudy,Rocky,Beginner,3.2,90,118
T0344,OP01,M01,Excavation,Cloudy,Flat,Beginner,3.2,55,64
T0345,OP02,M02,Loading,Cloudy,Flat,Intermediate,5.5,25,29
T0346,OP02,M02,Hauling,Cloudy,Flat,Intermediate,5.5,35,38
T0347,OP02,M02,Hauling,Cloudy,Rocky,Intermediate,5.5,40,49
T0348,OP03,M03,Loading,Cloudy,Flat,Intermediate,8.1,45,49
T0349,OP03,M03,Excavation,Cloudy,Rocky,Intermediate,8.1,85,106
T0350,OP03,M03,Loading,Cloudy,Rocky,Intermediate,8.1,35,44
T0351,OP03,M03,Loading,Cloudy,Flat,Intermediate,8.1,35,44
T0352,OP04,M04,Excavation,Cloudy,Flat,Expert,4.0,50,54
T0353,OP04,M04,Excavation,Cloudy,Rocky,Expert,4.0,50,56
T0354,OP04,M04,Excavation,Cloudy,Sloped,Expert,4.0,50,53
T0355,OP04,M04,Excavation,Cloudy,Sloped,Expert,4.0,55,60
T0356,OP04,M04,Excavation,Cloudy,Flat,Expert,4.0,60,60
T0357,OP04,M04,Excavation,Cloudy,Rocky,Expert,4.0,55,59
T0358,OP05,M05,Hauling,Cloudy,Rocky,Expert,6.7,40,39
T0359,OP05,M05,Hauling,Cloudy,Sloped,Expert,6.7,35,37
T0360,OP05,M05,Hauling,Cloudy,Flat,Expert,6.7,60,64
T0361,OP05,M05,Hauling,Cloudy,Rocky,Expert,6.7,55,63
T0362,OP05,M05,Hauling,Cloudy,Rocky,Expert,6.7,45,53
T0363,OP06,M06,Grading,Cloudy,Flat,Beginner,2.4,50,58
T0364,OP06,M06,Grading,Cloudy,Rocky,Beginner,2.4,40,49
T0365,OP06,M06,Grading,Cloudy,Rocky,Beginner,2.4,65,83
T0366,OP06,M06,Grading,Cloudy,Muddy,Beginner,2.4,70,93
T0367,OP06,M06,Grading,Cloudy,Muddy,Beginner,2.4,65,79
T0368,OP06,M06,Grading,Cloudy,Flat,Beginner,2.4,40,51
T0369,OP06,M06,Grading,Cloudy,Muddy,Beginner,2.4,50,65
T0370,OP07,M01,Excavation,Rainy,Muddy,Intermediate,3.2,60,80
T0371,OP07,M01,Excavation,Rainy,Flat,Intermediate,3.2,55,63
T0372,OP07,M01,Loading,Rainy,Muddy,Intermediate,3.2,35,48
T0373,OP07,M01,Excavation,Rainy,Muddy,Intermediate,3.2,90,123
T0374,OP08,M02,Loading,Rainy,Rocky,Beginner,5.5,35,59
T0375,OP08,M02,Hauling,Rainy,Muddy,Beginner,5.5,60,103
T0376,OP08,M02,Hauling,Rainy,Rocky,Beginner,5.5,45,77
T0377,OP08,M02,Loading,Rainy,Rocky,Beginner,5.5,40,64
T0378,OP08,M02,Loading,Rainy,Rocky,Beginner,5.5,30,52
T0379,OP09,M03,Excavation,Rainy,Sloped,Intermediate,8.1,75,94
T0380,OP09,M03,Trenching,Rainy,Sloped,Intermediate,8.1,50,67
T0381,OP09,M03,Excavation,Rainy,Muddy,Intermediate,8.1,50,73
T0382,OP09,M03,Loading,Rainy,Muddy,Intermediate,8.1,25,36
T0383,OP09,M03,Trenching,Rainy,Muddy,Intermediate,8.1,65,84
T0384,OP10,M04,Excavation,Rainy,Muddy,Expert,4.0,85,103
T0385,OP10,M04,Excavation,Rainy,Flat,Expert,4.0,75,86
T0386,OP10,M04,Excavation,Rainy,Muddy,Expert,4.0,90,121
T0387,OP10,M04,Excavation,Rainy,Rocky,Expert,4.0,70,80
T0388,OP11,M05,Hauling,Rainy,Muddy,Beginner,6.7,40,66
T0389,OP11,M05,Hauling,Rainy,Flat,Beginner,6.7,40,63
T0390,OP11,M05,Hauling,Rainy,Sloped,Beginner,6.7,45,74
T0391,OP11,M05,Hauling,Rainy,Flat,Beginner,6.7,35,56
T0392,OP11,M05,Hauling,Rainy,Sloped,Beginner,6.7,40,65
T0393,OP11,M05,Hauling,Rainy,Sloped,Beginner,6.7,30,47
T0394,OP11,M05,Hauling,Rainy,Muddy,Beginner,6.7,50,88
T0395,OP12,M06,Grading,Rainy,Rocky,Expert,2.4,55,64
T0396,OP12,M06,Grading,Rainy,Muddy,Expert,2.4,65,88
T0397,OP12,M06,Grading,Rainy,Muddy,Expert,2.4,65,84
T0398,OP12,M06,Grading,Rainy,Flat,Expert,2.4,65,68
T0399,OP12,M06,Grading,Rainy,Muddy,Expert,2.4,55,72
T0400,OP01,M01,Trenching,Clear,Flat,Beginner,3.2,50,54
T0401,OP01,M01,Excavation,Clear,Rocky,Beginner,3.2,55,70
T0402,OP01,M01,Trenching,Clear,Muddy,Beginner,3.2,45,58
T0403,OP02,M02,Hauling,Clear,Rocky,Intermediate,5.5,50,60
T0404,OP02,M02,Hauling,Clear,Muddy,Intermediate,5.5,50,63
T0405,OP02,M02,Hauling,Clear,Rocky,Intermediate,5.5,35,42
T0406,OP03,M03,Loading,Clear,Sloped,Intermediate,8.1,35,39
T0407,OP03,M03,Excavation,Clear,Flat,Intermediate,8.1,80,87
T0408,OP03,M03,Loading,Clear,Flat,Intermediate,8.1,25,28
T0409,OP03,M03,Trenching,Clear,Flat,Intermediate,8.1,85,101
T0410,OP03,M03,Trenching,Clear,Flat,Intermediate,8.1,50,53
T0411,OP03,M03,Loading,Clear,Flat,Intermediate,8.1,40,46
T0412,OP04,M04,Excavation,Clear,Rocky,Expert,4.0,45,48
T0413,OP04,M04,Excavation,Clear,Rocky,Expert,4.0,60,66
T0414,OP04,M04,Excavation,Clear,Sloped,Expert,4.0,60,63
T0415,OP04,M04,Grading,Clear,Rocky,Expert,4.0,60,63
T0416,OP04,M04,Grading,Clear,Flat,Expert,4.0,50,54
T0417,OP05,M05,Hauling,Clear,Flat,Expert,6.7,45,45
T0418,OP05,M05,Hauling,Clear,Flat,Expert,6.7,45,46
T0419,OP05,M05,Hauling,Clear,Muddy,Expert,6.7,30,37
T0420,OP05,M05,Hauling,Clear,Sloped,Expert,6.7,45,48
T0421,OP05,M05,Hauling,Clear,Flat,Expert,6.7,40,37
T0422,OP06,M06,Grading,Clear,Flat,Beginner,2.4,40,49
T0423,OP06,M06,Grading,Clear,Flat,Beginner,2.4,75,93
T0424,OP06,M06,Grading,Clear,Muddy,Beginner,2.4,65,83
T0425,OP06,M06,Grading,Clear,Flat,Beginner,2.4,40,42
T0426,OP06,M06,Grading,Clear,Flat,Beginner,2.4,55,66
T0427,OP07,M01,Excavation,Windy,Sloped,Intermediate,3.2,60,74
T0428,OP07,M01,Excavation,Windy,Muddy,Intermediate,3.2,50,62
T0429,OP07,M01,Trenching,Windy,Muddy,Intermediate,3.2,75,90
T0430,OP07,M01,Trenching,Windy,Flat,Intermediate,3.2,65,73
T0431,OP08,M02,Hauling,Windy,Sloped,Beginner,5.5,35,49
T0432,OP08,M02,Loading,Windy,Rocky,Beginner,5.5,45,54
T0433,OP08,M02,Hauling,Windy,Sloped,Beginner,5.5,45,59
T0434,OP08,M02,Hauling,Windy,Flat,Beginner,5.5,55,71
T0435,OP08,M02,Hauling,Windy,Muddy,Beginner,5.5,35,50
T0436,OP08,M02,Loading,Windy,Muddy,Beginner,5.5,50,69
T0437,OP09,M03,Trenching,Windy,Muddy,Intermediate,8.1,50,69
T0438,OP09,M03,Excavation,Windy,Flat,Intermediate,8.1,70,82
T0439,OP09,M03,Trenching,Windy,Sloped,Intermediate,8.1,45,56
T0440,OP09,M03,Trenching,Windy,Flat,Intermediate,8.1,75,87
T0441,OP09,M03,Excavation,Windy,Rocky,Intermediate,8.1,80,104
T0442,OP09,M03,Loading,Windy,Rocky,Intermediate,8.1,45,60
T0443,OP09,M03,Excavation,Windy,Rocky,Intermediate,8.1,70,87
T0444,OP10,M04,Grading,Windy,Muddy,Expert,4.0,55,65
T0445,OP10,M04,Excavation,Windy,Muddy,Expert,4.0,65,76
T0446,OP10,M04,Grading,Windy,Rocky,Expert,4.0,60,64
T0447,OP11,M05,Hauling,Windy,Flat,Beginner,6.7,55,76
T0448,OP11,M05,Hauling,Windy,Sloped,Beginner,6.7,45,57
T0449,OP11,M05,Hauling,Windy,Flat,Beginner,6.7,60,70
T0450,OP11,M05,Hauling,Windy,Sloped,Beginner,6.7,55,77
T0451,OP11,M05,Hauling,Windy,Flat,Beginner,6.7,60,75
T0452,OP12,M06,Grading,Windy,Flat,Expert,2.4,70,73
T0453,OP12,M06,Grading,Windy,Flat,Expert,2.4,50,50
T0454,OP12,M06,Grading,Windy,Muddy,Expert,2.4,55,66
T0455,OP12,M06,Grading,Windy,Rocky,Expert,2.4,60,63
T0456,OP01,M01,Loading,Rainy,Sloped,Beginner,3.2,40,65
T0457,OP01,M01,Excavation,Rainy,Sloped,Beginner,3.2,75,126
T0458,OP01,M01,Trenching,Rainy,Sloped,Beginner,3.2,65,104
T0459,OP01,M01,Loading,Rainy,Muddy,Beginner,3.2,50,85
T0460,OP02,M02,Hauling,Rainy,Muddy,Intermediate,5.5,40,52
T0461,OP02,M02,Loading,Rainy,Muddy,Intermediate,5.5,30,43
T0462,OP02,M02,Hauling,Rainy,Muddy,Intermediate,5.5,55,78
T0463,OP02,M02,Loading,Rainy,Flat,Intermediate,5.5,50,62
T0464,OP03,M03,Loading,Rainy,Rocky,Intermediate,8.1,25,33
T0465,OP03,M03,Loading,Rainy,Flat,Intermediate,8.1,30,39
T0466,OP03,M03,Loading,Rainy,Muddy,Intermediate,8.1,35,49
T0467,OP03,M03,Loading,Rainy,Muddy,Intermediate,8.1,45,61
T0468,OP03,M03,Trenching,Rainy,Muddy,Intermediate,8.1,65,93
T0469,OP03,M03,Excavation,Rainy,Muddy,Intermediate,8.1,85,120
T0470,OP04,M04,Excavation,Rainy,Muddy,Expert,4.0,50,65
T0471,OP04,M04,Grading,Rainy,Sloped,Expert,4.0,70,83
T0472,OP04,M04,Excavation,Rainy,Muddy,Expert,4.0,55,70
T0473,OP05,M05,Hauling,Rainy,Muddy,Expert,6.7,55,74
T0474,OP05,M05,Hauling,Rainy,Muddy,Expert,6.7,35,46
T0475,OP05,M05,Hauling,Rainy,Muddy,Expert,6.7,55,72
T0476,OP05,M05,Hauling,Rainy,Flat,Expert,6.7,40,46
T0477,OP06,M06,Grading,Rainy,Sloped,Beginner,2.4,65,109
T0478,OP06,M06,Grading,Rainy,Sloped,Beginner,2.4,60,96
T0479,OP06,M06,Grading,Rainy,Sloped,Beginner,2.4,50,85
T0480,OP06,M06,Grading,Rainy,Rocky,Beginner,2.4,65,108
T0481,OP06,M06,Grading,Rainy,Muddy,Beginner,2.4,40,67
T0482,OP07,M01,Excavation,Rainy,Muddy,Intermediate,3.2,65,87
T0483,OP07,M01,Loading,Rainy,Rocky,Intermediate,3.2,40,54
T0484,OP07,M01,Trenching,Rainy,Muddy,Intermediate,3.2,60,79
T0485,OP08,M02,Hauling,Rainy,Muddy,Beginner,5.5,40,65
T0486,OP08,M02,Hauling,Rainy,Rocky,Beginner,5.5,45,76
T0487,OP08,M02,Loading,Rainy,Flat,Beginner,5.5,30,49
T0488,OP08,M02,Loading,Rainy,Flat,Beginner,5.5,45,70
T0489,OP08,M02,Loading,Rainy,Muddy,Beginner,5.5,35,57
T0490,OP09,M03,Trenching,Rainy,Sloped,Intermediate,8.1,75,100
T0491,OP09,M03,Loading,Rainy,Flat,Intermediate,8.1,45,55
T0492,OP09,M03,Excavation,Rainy,Sloped,Intermediate,8.1,70,97
T0493,OP09,M03,Excavation,Rainy,Sloped,Intermediate,8.1,85,110
T0494,OP09,M03,Excavation,Rainy,Muddy,Intermediate,8.1,70,101
T0495,OP09,M03,Excavation,Rainy,Rocky,Intermediate,8.1,55,73
T0496,OP09,M03,Loading,Rainy,Muddy,Intermediate,8.1,40,55
T0497,OP10,M04,Grading,Rainy,Muddy,Expert,4.0,50,67
T0498,OP10,M04,Grading,Rainy,Flat,Expert,4.0,55,62
T0499,OP10,M04,Grading,Rainy,Muddy,Expert,4.0,60,79
T0500,OP11,M05,Hauling,Rainy,Flat,Beginner,6.7,40,66
T0501,OP11,M05,Hauling,Rainy,Flat,Beginner,6.7,40,66
T0502,OP11,M05,Hauling,Rainy,Muddy,Beginner,6.7,55,96
T0503,OP12,M06,Grading,Rainy,Rocky,Expert,2.4,75,88
T0504,OP12,M06,Grading,Rainy,Muddy,Expert,2.4,60,76
T0505,OP12,M06,Grading,Rainy,Muddy,Expert,2.4,65,82
T0506,OP12,M06,Grading,Rainy,Muddy,Expert,2.4,65,84
T0507,OP12,M06,Grading,Rainy,Rocky,Expert,2.4,70,83
T0508,OP12,M06,Grading,Rainy,Muddy,Expert,2.4,50,63
T0509,OP12,M06,Grading,Rainy,Muddy,Expert,2.4,75,99
T0510,OP01,M01,Trenching,Clear,Flat,Beginner,3.2,65,72
T0511,OP01,M01,Loading,Clear,Flat,Beginner,3.2,45,51
T0512,OP01,M01,Loading,Clear,Muddy,Beginner,3.2,45,55
T0513,OP02,M02,Hauling,Clear,Flat,Intermediate,5.5,35,37
T0514,OP02,M02,Loading,Clear,Sloped,Intermediate,5.5,40,49
T0515,OP02,M02,Loading,Clear,Muddy,Intermediate,5.5,25,32
T0516,OP03,M03,Trenching,Clear,Rocky,Intermediate,8.1,50,63
T0517,OP03,M03,Trenching,Clear,Flat,Intermediate,8.1,75,90
T0518,OP03,M03,Excavation,Clear,Rocky,Intermediate,8.1,75,92
T0519,OP03,M03,Trenching,Clear,Rocky,Intermediate,8.1,70,83
T0520,OP03,M03,Loading,Clear,Rocky,Intermediate,8.1,40,51
T0521,OP03,M03,Trenching,Clear,Flat,Intermediate,8.1,65,76
T0522,OP03,M03,Excavation,Clear,Flat,Intermediate,8.1,80,94
T0523,OP04,M04,Grading,Clear,Flat,Expert,4.0,70,76
T0524,OP04,M04,Grading,Clear,Sloped,Expert,4.0,75,73
T0525,OP04,M04,Excavation,Clear,Sloped,Expert,4.0,90,100
T0526,OP04,M04,Grading,Clear,Rocky,Expert,4.0,55,62
T0527,OP04,M04,Grading,Clear,Muddy,Expert,4.0,75,90
T0528,OP04,M04,Grading,Clear,Rocky,Expert,4.0,75,85
T0529,OP05,M05,Hauling,Clear,Muddy,Expert,6.7,50,57
T0530,OP05,M05,Hauling,Clear,Sloped,Expert,6.7,50,55
T0531,OP05,M05,Hauling,Clear,Sloped,Expert,6.7,60,66
T0532,OP05,M05,Hauling,Clear,Flat,Expert,6.7,45,48
T0533,OP05,M05,Hauling,Clear,Rocky,Expert,6.7,40,43
T0534,OP06,M06,Grading,Clear,Muddy,Beginner,2.4,45,54
T0535,OP06,M06,Grading,Clear,Flat,Beginner,2.4,75,97
T0536,OP06,M06,Grading,Clear,Rocky,Beginner,2.4,45,53
T0537,OP06,M06,Grading,Clear,Flat,Beginner,2.4,70,82
T0538,OP06,M06,Grading,Clear,Sloped,Beginner,2.4,40,49
T0539,OP07,M01,Trenching,Cloudy,Flat,Intermediate,3.2,75,81
T0540,OP07,M01,Trenching,Cloudy,Sloped,Intermediate,3.2,80,91
T0541,OP07,M01,Trenching,Cloudy,Sloped,Intermediate,3.2,65,76
T0542,OP07,M01,Loading,Cloudy,Flat,Intermediate,3.2,35,40
T0543,OP07,M01,Loading,Cloudy,Muddy,Intermediate,3.2,30,38
T0544,OP07,M01,Trenching,Cloudy,Sloped,Intermediate,3.2,80,93
T0545,OP08,M02,Loading,Cloudy,Rocky,Beginner,5.5,45,60
T0546,OP08,M02,Loading,Cloudy,Rocky,Beginner,5.5,45,55
T0547,OP08,M02,Hauling,Cloudy,Muddy,Beginner,5.5,40,57
T0548,OP08,M02,Hauling,Cloudy,Sloped,Beginner,5.5,45,58
T0549,OP08,M02,Loading,Cloudy,Flat,Beginner,5.5,45,54
T0550,OP09,M03,Excavation,Cloudy,Flat,Intermediate,8.1,90,101
T0551,OP09,M03,Excavation,Cloudy,Rocky,Intermediate,8.1,55,67
T0552,OP09,M03,Excavation,Cloudy,Flat,Intermediate,8.1,65,73
T0553,OP09,M03,Loading,Cloudy,Sloped,Intermediate,8.1,25,29
T0554,OP09,M03,Trenching,Cloudy,Sloped,Intermediate,8.1,45,55
T0555,OP10,M04,Grading,Cloudy,Muddy,Expert,4.0,65,72
T0556,OP10,M04,Excavation,Cloudy,Flat,Expert,4.0,80,79
T0557,OP10,M04,Excavation,Cloudy,Rocky,Expert,4.0,70,68
T0558,OP10,M04,Grading,Cloudy,Flat,Expert,4.0,70,72
T0559,OP10,M04,Grading,Cloudy,Flat,Expert,4.0,55,60
T0560,OP10,M04,Excavation,Cloudy,Muddy,Expert,4.0,85,97
T0561,OP11,M05,Hauling,Cloudy,Rocky,Beginner,6.7,45,59
T0562,OP11,M05,Hauling,Cloudy,Flat,Beginner,6.7,45,56
T0563,OP11,M05,Hauling,Cloudy,Flat,Beginner,6.7,45,56
T0564,OP11,M05,Hauling,Cloudy,Sloped,Beginner,6.7,50,68
T0565,OP11,M05,Hauling,Cloudy,Sloped,Beginner,6.7,40,46
T0566,OP12,M06,Grading,Cloudy,Muddy,Expert,2.4,50,55
T0567,OP12,M06,Grading,Cloudy,Sloped,Expert,2.4,70,72
T0568,OP12,M06,Grading,Cloudy,Sloped,Expert,2.4,55,57
T0569,OP12,M06,Grading,Cloudy,Flat,Expert,2.4,65,64
T0570,OP01,M01,Trenching,Clear,Flat,Beginner,3.2,45,56
T0571,OP01,M01,Trenching,Clear,Flat,Beginner,3.2,50,59
T0572,OP01,M01,Excavation,Clear,Flat,Beginner,3.2,85,101
T0573,OP01,M01,Loading,Clear,Flat,Beginner,3.2,40,47
T0574,OP02,M02,Loading,Clear,Rocky,Intermediate,5.5,25,29
T0575,OP02,M02,Hauling,Clear,Muddy,Intermediate,5.5,55,69
T0576,OP02,M02,Loading,Clear,Rocky,Intermediate,5.5,35,44
T0577,OP02,M02,Hauling,Clear,Sloped,Intermediate,5.5,40,46
T0578,OP03,M03,Trenching,Clear,Flat,Intermediate,8.1,60,67
T0579,OP03,M03,Trenching,Clear,Flat,Intermediate,8.1,60,70
T0580,OP03,M03,Trenching,Clear,Rocky,Intermediate,8.1,70,79
T0581,OP03,M03,Trenching,Clear,Flat,Intermediate,8.1,45,47
T0582,OP04,M04,Grading,Clear,Flat,Expert,4.0,45,47
T0583,OP04,M04,Excavation,Clear,Rocky,Expert,4.0,50,56
T0584,OP04,M04,Excavation,Clear,Flat,Expert,4.0,50,48
T0585,OP04,M04,Excavation,Clear,Sloped,Expert,4.0,70,74
T0586,OP05,M05,Hauling,Clear,Flat,Expert,6.7,45,49
T0587,OP05,M05,Hauling,Clear,Flat,Expert,6.7,55,54
T0588,OP05,M05,Hauling,Clear,Flat,Expert,6.7,65,69
T0589,OP05,M05,Hauling,Clear,Muddy,Expert,6.7,50,60
T0590,OP06,M06,Grading,Clear,Flat,Beginner,2.4,70,82
T0591,OP06,M06,Grading,Clear,Sloped,Beginner,2.4,55,73
T0592,OP06,M06,Grading,Clear,Flat,Beginner,2.4,60,68
T0593,OP06,M06,Grading,Clear,Flat,Beginner,2.4,45,54
T0594,OP06,M06,Grading,Clear,Flat,Beginner,2.4,50,64
T0595,OP07,M01,Trenching,Clear,Sloped,Intermediate,3.2,65,75
T0596,OP07,M01,Loading,Clear,Flat,Intermediate,3.2,40,42
T0597,OP07,M01,Trenching,Clear,Flat,Intermediate,3.2,55,62
T0598,OP07,M01,Loading,Clear,Flat,Intermediate,3.2,30,33
T0599,OP08,M02,Loading,Clear,Flat,Beginner,5.5,40,48
T0600,OP08,M02,Hauling,Clear,Sloped,Beginner,5.5,60,80
T0601,OP08,M02,Loading,Clear,Flat,Beginner,5.5,45,52
T0602,OP09,M03,Trenching,Clear,Rocky,Intermediate,8.1,75,91
T0603,OP09,M03,Loading,Clear,Rocky,Intermediate,8.1,35,41
T0604,OP09,M03,Excavation,Clear,Sloped,Intermediate,8.1,70,83
T0605,OP09,M03,Loading,Clear,Flat,Intermediate,8.1,30,34
T0606,OP10,M04,Excavation,Clear,Flat,Expert,4.0,55,59
T0607,OP10,M04,Grading,Clear,Muddy,Expert,4.0,50,57
T0608,OP10,M04,Excavation,Clear,Rocky,Expert,4.0,50,51
T0609,OP10,M04,Excavation,Clear,Flat,Expert,4.0,85,93
T0610,OP11,M05,Hauling,Clear,Rocky,Beginner,6.7,45,62
T0611,OP11,M05,Hauling,Clear,Flat,Beginner,6.7,45,55
T0612,OP11,M05,Hauling,Clear,Rocky,Beginner,6.7,35,47
T0613,OP11,M05,Hauling,Clear,Muddy,Beginner,6.7,50,70
T0614,OP11,M05,Hauling,Clear,Rocky,Beginner,6.7,60,76
T0615,OP12,M06,Grading,Clear,Flat,Expert,2.4,55,52
T0616,OP12,M06,Grading,Clear,Sloped,Expert,2.4,45,51
T0617,OP12,M06,Grading,Clear,Rocky,Expert,2.4,70,72
T0618,OP12,M06,Grading,Clear,Sloped,Expert,2.4,45,48
T0619,OP01,M01,Loading,Cloudy,Flat,Beginner,3.2,30,35
T0620,OP01,M01,Trenching,Cloudy,Flat,Beginner,3.2,80,98
T0621,OP01,M01,Excavation,Cloudy,Flat,Beginner,3.2,55,67
T0622,OP01,M01,Trenching,Cloudy,Flat,Beginner,3.2,55,67
T0623,OP02,M02,Hauling,Cloudy,Flat,Intermediate,5.5,45,47
T0624,OP02,M02,Loading,Cloudy,Sloped,Intermediate,5.5,40,51
T0625,OP02,M02,Loading,Cloudy,Flat,Intermediate,5.5,45,50
T0626,OP02,M02,Hauling,Cloudy,Flat,Intermediate,5.5,50,55
T0627,OP02,M02,Loading,Cloudy,Flat,Intermediate,5.5,30,33
T0628,OP02,M02,Hauling,Cloudy,Sloped,Intermediate,5.5,50,60
T0629,OP03,M03,Loading,Cloudy,Rocky,Intermediate,8.1,50,67
T0630,OP03,M03,Loading,Cloudy,Muddy,Intermediate,8.1,25,31
T0631,OP03,M03,Loading,Cloudy,Sloped,Intermediate,8.1,25,31
T0632,OP04,M04,Grading,Cloudy,Muddy,Expert,4.0,70,80
T0633,OP04,M04,Grading,Cloudy,Flat,Expert,4.0,70,73
T0634,OP04,M04,Grading,Cloudy,Flat,Expert,4.0,50,48
T0635,OP05,M05,Hauling,Cloudy,Muddy,Expert,6.7,40,47
T0636,OP05,M05,Hauling,Cloudy,Sloped,Expert,6.7,60,57
T0637,OP05,M05,Hauling,Cloudy,Muddy,Expert,6.7,30,37
T0638,OP05,M05,Hauling,Cloudy,Sloped,Expert,6.7,30,32
T0639,OP05,M05,Hauling,Cloudy,Muddy,Expert,6.7,40,45
T0640,OP05,M05,Hauling,Cloudy,Sloped,Expert,6.7,55,61
T0641,OP06,M06,Grading,Cloudy,Flat,Beginner,2.4,40,48
T0642,OP06,M06,Grading,Cloudy,Sloped,Beginner,2.4,70,84
T0643,OP06,M06,Grading,Cloudy,Rocky,Beginner,2.4,45,55
T0644,OP06,M06,Grading,Cloudy,Rocky,Beginner,2.4,75,91
T0645,OP06,M06,Grading,Cloudy,Muddy,Beginner,2.4,45,60
T0646,OP07,M01,Loading,Rainy,Muddy,Intermediate,3.2,25,31
T0647,OP07,M01,Trenching,Rainy,Rocky,Intermediate,3.2,65,84
T0648,OP07,M01,Loading,Rainy,Muddy,Intermediate,3.2,30,39
T0649,OP07,M01,Loading,Rainy,Sloped,Intermediate,3.2,30,38
T0650,OP07,M01,Excavation,Rainy,Muddy,Intermediate,3.2,60,79
T0651,OP08,M02,Loading,Rainy,Rocky,Beginner,5.5,40,68
T0652,OP08,M02,Hauling,Rainy,Sloped,Beginner,5.5,60,104
T0653,OP08,M02,Loading,Rainy,Muddy,Beginner,5.5,45,80
T0654,OP08,M02,Loading,Rainy,Flat,Beginner,5.5,40,61
T0655,OP08,M02,Loading,Rainy,Muddy,Beginner,5.5,30,53
T0656,OP08,M02,Hauling,Rainy,Muddy,Beginner,5.5,45,81
T0657,OP09,M03,Excavation,Rainy,Muddy,Intermediate,8.1,60,83
T0658,OP09,M03,Excavation,Rainy,Flat,Intermediate,8.1,70,86
T0659,OP09,M03,Loading,Rainy,Muddy,Intermediate,8.1,30,40
T0660,OP09,M03,Excavation,Rainy,Muddy,Intermediate,8.1,70,103
T0661,OP09,M03,Loading,Rainy,Flat,Intermediate,8.1,35,42
T0662,OP09,M03,Loading,Rainy,Muddy,Intermediate,8.1,45,57
T0663,OP09,M03,Trenching,Rainy,Sloped,Intermediate,8.1,75,99
T0664,OP10,M04,Excavation,Rainy,Muddy,Expert,4.0,70,89
T0665,OP10,M04,Excavation,Rainy,Rocky,Expert,4.0,85,97
T0666,OP10,M04,Excavation,Rainy,Rocky,Expert,4.0,55,68
T0667,OP11,M05,Hauling,Rainy,Muddy,Beginner,6.7,45,77
T0668,OP11,M05,Hauling,Rainy,Muddy,Beginner,6.7,55,91
T0669,OP11,M05,Hauling,Rainy,Flat,Beginner,6.7,40,61
T0670,OP11,M05,Hauling,Rainy,Flat,Beginner,6.7,50,82
T0671,OP11,M05,Hauling,Rainy,Flat,Beginner,6.7,35,57
T0672,OP12,M06,Grading,Rainy,Sloped,Expert,2.4,45,55
T0673,OP12,M06,Grading,Rainy,Rocky,Expert,2.4,50,58
T0674,OP12,M06,Grading,Rainy,Muddy,Expert,2.4,65,83
T0675,OP12,M06,Grading,Rainy,Rocky,Expert,2.4,75,88
T0676,OP12,M06,Grading,Rainy,Muddy,Expert,2.4,60,70
T0677,OP01,M01,Excavation,Windy,Rocky,Beginner,3.2,80,102
T0678,OP01,M01,Trenching,Windy,Sloped,Beginner,3.2,45,58
T0679,OP01,M01,Loading,Windy,Rocky,Beginner,3.2,30,39
T0680,OP02,M02,Hauling,Windy,Sloped,Intermediate,5.5,50,58
T0681,OP02,M02,Loading,Windy,Flat,Intermediate,5.5,40,49
T0682,OP02,M02,Loading,Windy,Flat,Intermediate,5.5,45,51
T0683,OP02,M02,Hauling,Windy,Flat,Intermediate,5.5,55,63
T0684,OP02,M02,Loading,Windy,Sloped,Intermediate,5.5,40,49
T0685,OP02,M02,Loading,Windy,Muddy,Intermediate,5.5,25,30
T0686,OP03,M03,Loading,Windy,Rocky,Intermediate,8.1,35,44
T0687,OP03,M03,Trenching,Windy,Sloped,Intermediate,8.1,75,87
T0688,OP03,M03,Excavation,Windy,Flat,Intermediate,8.1,75,87
T0689,OP03,M03,Trenching,Windy,Flat,Intermediate,8.1,55,67
T0690,OP04,M04,Grading,Windy,Rocky,Expert,4.0,70,81
T0691,OP04,M04,Excavation,Windy,Flat,Expert,4.0,70,79
T0692,OP04,M04,Excavation,Windy,Rocky,Expert,4.0,65,76
T0693,OP04,M04,Grading,Windy,Flat,Expert,4.0,40,40
T0694,OP04,M04,Excavation,Windy,Sloped,Expert,4.0,80,87
T0695,OP04,M04,Grading,Windy,Flat,Expert,4.0,60,61
T0696,OP05,M05,Hauling,Windy,Flat,Expert,6.7,45,50
T0697,OP05,M05,Hauling,Windy,Flat,Expert,6.7,60,65
T0698,OP05,M05,Hauling,Windy,Flat,Expert,6.7,60,66
T0699,OP05,M05,Hauling,Windy,Sloped,Expert,6.7,45,49
T0700,OP05,M05,Hauling,Windy,Rocky,Expert,6.7,65,75
T0701,OP06,M06,Grading,Windy,Flat,Beginner,2.4,45,57
T0702,OP06,M06,Grading,Windy,Sloped,Beginner,2.4,45,56
T0703,OP06,M06,Grading,Windy,Muddy,Beginner,2.4,65,84
T0704,OP06,M06,Grading,Windy,Flat,Beginner,2.4,60,76
T0705,OP07,M01,Excavation,Clear,Flat,Intermediate,3.2,50,57
T0706,OP07,M01,Loading,Clear,Flat,Intermediate,3.2,30,32
T0707,OP07,M01,Loading,Clear,Flat,Intermediate,3.2,30,33
T0708,OP08,M02,Hauling,Clear,Flat,Beginner,5.5,60,75
T0709,OP08,M02,Loading,Clear,Rocky,Beginner,5.5,40,51
T0710,OP08,M02,Hauling,Clear,Flat,Beginner,5.5,55,67
T0711,OP08,M02,Hauling,Clear,Rocky,Beginner,5.5,35,44
T0712,OP08,M02,Hauling,Clear,Rocky,Beginner,5.5,40,52
T0713,OP08,M02,Hauling,Clear,Muddy,Beginner,5.5,55,77
T0714,OP09,M03,Trenching,Clear,Rocky,Intermediate,8.1,65,75
T0715,OP09,M03,Loading,Clear,Sloped,Intermediate,8.1,45,57
T0716,OP09,M03,Trenching,Clear,Muddy,Intermediate,8.1,70,89
T0717,OP09,M03,Excavation,Clear,Rocky,Intermediate,8.1,60,72
T0718,OP10,M04,Excavation,Clear,Flat,Expert,4.0,65,68
T0719,OP10,M04,Grading,Clear,Flat,Expert,4.0,45,47
T0720,OP10,M04,Grading,Clear,Flat,Expert,4.0,70,68
T0721,OP11,M05,Hauling,Clear,Flat,Beginner,6.7,60,75
T0722,OP11,M05,Hauling,Clear,Rocky,Beginner,6.7,45,64
T0723,OP11,M05,Hauling,Clear,Rocky,Beginner,6.7,35,45
T0724,OP12,M06,Grading,Clear,Flat,Expert,2.4,75,67
T0725,OP12,M06,Grading,Clear,Flat,Expert,2.4,60,53
T0726,OP12,M06,Grading,Clear,Sloped,Expert,2.4,75,80
T0727,OP12,M06,Grading,Clear,Flat,Expert,2.4,60,60
T0728,OP12,M06,Grading,Clear,Flat,Expert,2.4,45,41
T0729,OP01,M01,Trenching,Clear,Flat,Beginner,3.2,60,68
T0730,OP01,M01,Trenching,Clear,Flat,Beginner,3.2,70,81
T0731,OP01,M01,Trenching,Clear,Rocky,Beginner,3.2,55,69
T0732,OP02,M02,Hauling,Clear,Muddy,Intermediate,5.5,30,38
T0733,OP02,M02,Hauling,Clear,Rocky,Intermediate,5.5,35,42
T0734,OP02,M02,Hauling,Clear,Flat,Intermediate,5.5,60,70
T0735,OP02,M02,Loading,Clear,Rocky,Intermediate,5.5,30,34
T0736,OP02,M02,Loading,Clear,Sloped,Intermediate,5.5,35,38
T0737,OP03,M03,Excavation,Clear,Sloped,Intermediate,8.1,90,110
T0738,OP03,M03,Excavation,Clear,Muddy,Intermediate,8.1,90,109
T0739,OP03,M03,Loading,Clear,Muddy,Intermediate,8.1,45,54
T0740,OP03,M03,Loading,Clear,Flat,Intermediate,8.1,45,52
T0741,OP03,M03,Excavation,Clear,Muddy,Intermediate,8.1,50,63
T0742,OP04,M04,Excavation,Clear,Sloped,Expert,4.0,90,89
T0743,OP04,M04,Excavation,Clear,Rocky,Expert,4.0,55,55
T0744,OP04,M04,Grading,Clear,Rocky,Expert,4.0,45,51
T0745,OP04,M04,Excavation,Clear,Rocky,Expert,4.0,65,74
T0746,OP05,M05,Hauling,Clear,Muddy,Expert,6.7,55,63
T0747,OP05,M05,Hauling,Clear,Flat,Expert,6.7,45,46
T0748,OP05,M05,Hauling,Clear,Flat,Expert,6.7,40,37
T0749,OP05,M05,Hauling,Clear,Flat,Expert,6.7,50,56
T0750,OP05,M05,Hauling,Clear,Flat,Expert,6.7,60,64
T0751,OP06,M06,Grading,Clear,Flat,Beginner,2.4,55,65
T0752,OP06,M06,Grading,Clear,Rocky,Beginner,2.4,45,60
T0753,OP06,M06,Grading,Clear,Flat,Beginner,2.4,50,55
T0754,OP06,M06,Grading,Clear,Sloped,Beginner,2.4,65,79
T0755,OP07,M01,Loading,Cloudy,Flat,Intermediate,3.2,30,34
T0756,OP07,M01,Trenching,Cloudy,Rocky,Intermediate,3.2,70,84
T0757,OP07,M01,Loading,Cloudy,Flat,Intermediate,3.2,50,53
T0758,OP07,M01,Trenching,Cloudy,Flat,Intermediate,3.2,75,78
T0759,OP07,M01,Loading,Cloudy,Flat,Intermediate,3.2,45,48
T0760,OP07,M01,Excavation,Cloudy,Flat,Intermediate,3.2,85,98
T0761,OP07,M01,Loading,Cloudy,Flat,Intermediate,3.2,35,40
T0762,OP08,M02,Hauling,Cloudy,Rocky,Beginner,5.5,45,55
T0763,OP08,M02,Hauling,Cloudy,Flat,Beginner,5.5,50,62
T0764,OP08,M02,Hauling,Cloudy,Flat,Beginner,5.5,45,56
T0765,OP08,M02,Hauling,Cloudy,Rocky,Beginner,5.5,35,47
T0766,OP08,M02,Hauling,Cloudy,Flat,Beginner,5.5,55,64
T0767,OP08,M02,Loading,Cloudy,Rocky,Beginner,5.5,40,52
T0768,OP09,M03,Loading,Cloudy,Rocky,Intermediate,8.1,40,47
T0769,OP09,M03,Loading,Cloudy,Flat,Intermediate,8.1,35,43
T0770,OP09,M03,Trenching,Cloudy,Muddy,Intermediate,8.1,55,69
T0771,OP09,M03,Loading,Cloudy,Sloped,Intermediate,8.1,25,31
T0772,OP10,M04,Excavation,Cloudy,Flat,Expert,4.0,70,66
T0773,OP10,M04,Grading,Cloudy,Sloped,Expert,4.0,45,47
T0774,OP10,M04,Grading,Cloudy,Sloped,Expert,4.0,65,69
T0775,OP10,M04,Grading,Cloudy,Rocky,Expert,4.0,45,46
T0776,OP11,M05,Hauling,Cloudy,Flat,Beginner,6.7,40,50
T0777,OP11,M05,Hauling,Cloudy,Flat,Beginner,6.7,45,53
T0778,OP11,M05,Hauling,Cloudy,Rocky,Beginner,6.7,35,45
T0779,OP11,M05,Hauling,Cloudy,Rocky,Beginner,6.7,50,65
T0780,OP12,M06,Grading,Cloudy,Flat,Expert,2.4,40,41
T0781,OP12,M06,Grading,Cloudy,Muddy,Expert,2.4,45,50
T0782,OP12,M06,Grading,Cloudy,Flat,Expert,2.4,65,65
T0783,OP12,M06,Grading,Cloudy,Flat,Expert,2.4,65,67
T0784,OP12,M06,Grading,Cloudy,Sloped,Expert,2.4,70,77
T0785,OP12,M06,Grading,Cloudy,Flat,Expert,2.4,70,71
T0786,OP12,M06,Grading,Cloudy,Flat,Expert,2.4,70,66
T0787,OP01,M01,Excavation,Clear,Muddy,Beginner,3.2,80,105
T0788,OP01,M01,Loading,Clear,Sloped,Beginner,3.2,30,38
T0789,OP01,M01,Loading,Clear,Rocky,Beginner,3.2,30,37
T0790,OP01,M01,Loading,Clear,Sloped,Beginner,3.2,45,55
T0791,OP02,M02,Loading,Clear,Sloped,Intermediate,5.5,25,27
T0792,OP02,M02,Hauling,Clear,Rocky,Intermediate,5.5,35,39
T0793,OP02,M02,Loading,Clear,Flat,Intermediate,5.5,50,56
T0794,OP02,M02,Loading,Clear,Rocky,Intermediate,5.5,45,53
T0795,OP03,M03,Trenching,Clear,Flat,Intermediate,8.1,80,89
T0796,OP03,M03,Trenching,Clear,Flat,Intermediate,8.1,75,89
T0797,OP03,M03,Loading,Clear,Rocky,Intermediate,8.1,25,31
T0798,OP03,M03,Trenching,Clear,Flat,Intermediate,8.1,70,78
T0799,OP03,M03,Trenching,Clear,Flat,Intermediate,8.1,50,57
T0800,OP03,M03,Excavation,Clear,Rocky,Intermediate,8.1,80,94
T0801,OP04,M04,Grading,Clear,Sloped,Expert,4.0,65,68
T0802,OP04,M04,Excavation,Clear,Flat,Expert,4.0,50,49
T0803,OP04,M04,Excavation,Clear,Muddy,Expert,4.0,70,76
T0804,OP05,M05,Hauling,Clear,Sloped,Expert,6.7,55,62
T0805,OP05,M05,Hauling,Clear,Muddy,Expert,6.7,55,64
T0806,OP05,M05,Hauling,Clear,Flat,Expert,6.7,50,51
T0807,OP05,M05,Hauling,Clear,Rocky,Expert,6.7,60,68
T0808,OP06,M06,Grading,Clear,Sloped,Beginner,2.4,65,82
T0809,OP06,M06,Grading,Clear,Muddy,Beginner,2.4,65,93
T0810,OP06,M06,Grading,Clear,Sloped,Beginner,2.4,70,91
T0811,OP07,M01,Loading,Clear,Rocky,Intermediate,3.2,35,42
T0812,OP07,M01,Loading,Clear,Muddy,Intermediate,3.2,25,31
T0813,OP07,M01,Excavation,Clear,Flat,Intermediate,3.2,60,65
T0814,OP07,M01,Trenching,Clear,Rocky,Intermediate,3.2,50,62
T0815,OP07,M01,Trenching,Clear,Rocky,Intermediate,3.2,50,57
T0816,OP08,M02,Hauling,Clear,Flat,Beginner,5.5,35,40
T0817,OP08,M02,Loading,Clear,Sloped,Beginner,5.5,40,51
T0818,OP08,M02,Hauling,Clear,Flat,Beginner,5.5,60,71
T0819,OP08,M02,Hauling,Clear,Flat,Beginner,5.5,50,61
T0820,OP09,M03,Excavation,Clear,Muddy,Intermediate,8.1,55,69
T0821,OP09,M03,Loading,Clear,Muddy,Intermediate,8.1,50,63
T0822,OP09,M03,Trenching,Clear,Flat,Intermediate,8.1,60,68
T0823,OP09,M03,Excavation,Clear,Muddy,Intermediate,8.1,65,84
T0824,OP09,M03,Trenching,Clear,Muddy,Intermediate,8.1,80,111
T0825,OP09,M03,Trenching,Clear,Muddy,Intermediate,8.1,55,71
T0826,OP09,M03,Trenching,Clear,Rocky,Intermediate,8.1,60,72
T0827,OP10,M04,Excavation,Clear,Flat,Expert,4.0,55,56
T0828,OP10,M04,Excavation,Clear,Flat,Expert,4.0,60,59
T0829,OP10,M04,Excavation,Clear,Flat,Expert,4.0,50,45
T0830,OP10,M04,Excavation,Clear,Rocky,Expert,4.0,75,69
T0831,OP11,M05,Hauling,Clear,Rocky,Beginner,6.7,35,45
T0832,OP11,M05,Hauling,Clear,Flat,Beginner,6.7,60,73
T0833,OP11,M05,Hauling,Clear,Rocky,Beginner,6.7,40,51
T0834,OP12,M06,Grading,Clear,Sloped,Expert,2.4,75,75
T0835,OP12,M06,Grading,Clear,Flat,Expert,2.4,60,63
T0836,OP12,M06,Grading,Clear,Sloped,Expert,2.4,45,46
T0837,OP12,M06,Grading,Clear,Sloped,Expert,2.4,45,46
T0838,OP12,M06,Grading,Clear,Flat,Expert,2.4,45,41
T0839,OP12,M06,Grading,Clear,Muddy,Expert,2.4,50,53
T0840,OP01,M01,Loading,Cloudy,Flat,Beginner,3.2,40,48
T0841,OP01,M01,Loading,Cloudy,Rocky,Beginner,3.2,45,55
T0842,OP01,M01,Loading,Cloudy,Muddy,Beginner,3.2,25,32
T0843,OP01,M01,Trenching,Cloudy,Flat,Beginner,3.2,45,57
T0844,OP01,M01,Trenching,Cloudy,Muddy,Beginner,3.2,70,94
T0845,OP01,M01,Trenching,Cloudy,Muddy,Beginner,3.2,50,67
T0846,OP02,M02,Hauling,Cloudy,Muddy,Intermediate,5.5,60,74
T0847,OP02,M02,Hauling,Cloudy,Sloped,Intermediate,5.5,30,36
T0848,OP02,M02,Hauling,Cloudy,Flat,Intermediate,5.5,40,44
T0849,OP02,M02,Hauling,Cloudy,Flat,Intermediate,5.5,50,56
T0850,OP02,M02,Loading,Cloudy,Rocky,Intermediate,5.5,30,35
T0851,OP03,M03,Excavation,Cloudy,Muddy,Intermediate,8.1,50,64
T0852,OP03,M03,Trenching,Cloudy,Rocky,Intermediate,8.1,75,92
T0853,OP03,M03,Excavation,Cloudy,Flat,Intermediate,8.1,55,61
T0854,OP03,M03,Trenching,Cloudy,Sloped,Intermediate,8.1,60,73
T0855,OP03,M03,Trenching,Cloudy,Muddy,Intermediate,8.1,65,83
T0856,OP04,M04,Excavation,Cloudy,Muddy,Expert,4.0,50,59
T0857,OP04,M04,Excavation,Cloudy,Flat,Expert,4.0,85,87
T0858,OP04,M04,Grading,Cloudy,Flat,Expert,4.0,50,53
T0859,OP04,M04,Excavation,Cloudy,Flat,Expert,4.0,45,49
T0860,OP05,M05,Hauling,Cloudy,Rocky,Expert,6.7,60,63
T0861,OP05,M05,Hauling,Cloudy,Rocky,Expert,6.7,35,41
T0862,OP05,M05,Hauling,Cloudy,Muddy,Expert,6.7,35,40
T0863,OP05,M05,Hauling,Cloudy,Flat,Expert,6.7,30,31
T0864,OP05,M05,Hauling,Cloudy,Sloped,Expert,6.7,50,58
T0865,OP06,M06,Grading,Cloudy,Flat,Beginner,2.4,45,50
T0866,OP06,M06,Grading,Cloudy,Flat,Beginner,2.4,75,87
T0867,OP06,M06,Grading,Cloudy,Muddy,Beginner,2.4,60,77
T0868,OP07,M01,Excavation,Clear,Flat,Intermediate,3.2,55,58
T0869,OP07,M01,Loading,Clear,Muddy,Intermediate,3.2,35,40
T0870,OP07,M01,Trenching,Clear,Rocky,Intermediate,3.2,65,79
T0871,OP08,M02,Loading,Clear,Flat,Beginner,5.5,25,30
T0872,OP08,M02,Hauling,Clear,Flat,Beginner,5.5,50,60
T0873,OP08,M02,Hauling,Clear,Flat,Beginner,5.5,40,50
T0874,OP08,M02,Hauling,Clear,Muddy,Beginner,5.5,40,51
T0875,OP08,M02,Loading,Clear,Rocky,Beginner,5.5,45,57
T0876,OP08,M02,Loading,Clear,Flat,Beginner,5.5,35,43
T0877,OP09,M03,Trenching,Clear,Rocky,Intermediate,8.1,60,72
T0878,OP09,M03,Loading,Clear,Rocky,Intermediate,8.1,30,36
T0879,OP09,M03,Excavation,Clear,Muddy,Intermediate,8.1,60,76
T0880,OP09,M03,Loading,Clear,Flat,Intermediate,8.1,50,61
T0881,OP09,M03,Loading,Clear,Sloped,Intermediate,8.1,30,33
T0882,OP10,M04,Excavation,Clear,Sloped,Expert,4.0,60,69
T0883,OP10,M04,Grading,Clear,Flat,Expert,4.0,65,65
T0884,OP10,M04,Excavation,Clear,Flat,Expert,4.0,65,65
T0885,OP11,M05,Hauling,Clear,Sloped,Beginner,6.7,55,75
T0886,OP11,M05,Hauling,Clear,Muddy,Beginner,6.7,60,81
T0887,OP11,M05,Hauling,Clear,Flat,Beginner,6.7,55,68
T0888,OP12,M06,Grading,Clear,Flat,Expert,2.4,70,68
T0889,OP12,M06,Grading,Clear,Flat,Expert,2.4,70,67
T0890,OP12,M06,Grading,Clear,Flat,Expert,2.4,65,65
T0891,OP12,M06,Grading,Clear,Rocky,Expert,2.4,55,59
T0892,OP12,M06,Grading,Clear,Muddy,Expert,2.4,70,77
T0893,OP12,M06,Grading,Clear,Sloped,Expert,2.4,60,63
T0894,OP12,M06,Grading,Clear,Flat,Expert,2.4,65,61
T0895,OP01,M01,Excavation,Cloudy,Rocky,Beginner,3.2,75,97
T0896,OP01,M01,Excavation,Cloudy,Rocky,Beginner,3.2,70,86
T0897,OP01,M01,Trenching,Cloudy,Flat,Beginner,3.2,60,73
T0898,OP02,M02,Loading,Cloudy,Flat,Intermediate,5.5,35,40
T0899,OP02,M02,Loading,Cloudy,Flat,Intermediate,5.5,30,35
T0900,OP02,M02,Hauling,Cloudy,Muddy,Intermediate,5.5,60,77
T0901,OP02,M02,Hauling,Cloudy,Flat,Intermediate,5.5,55,59
T0902,OP03,M03,Trenching,Cloudy,Muddy,Intermediate,8.1,60,76
T0903,OP03,M03,Trenching,Cloudy,Sloped,Intermediate,8.1,65,77
T0904,OP03,M03,Excavation,Cloudy,Flat,Intermediate,8.1,75,93
T0905,OP04,M04,Excavation,Cloudy,Flat,Expert,4.0,50,46
T0906,OP04,M04,Grading,Cloudy,Muddy,Expert,4.0,50,56
T0907,OP04,M04,Excavation,Cloudy,Flat,Expert,4.0,90,94
T0908,OP05,M05,Hauling,Cloudy,Muddy,Expert,6.7,55,64
T0909,OP05,M05,Hauling,Cloudy,Rocky,Expert,6.7,55,60
T0910,OP05,M05,Hauling,Cloudy,Flat,Expert,6.7,60,57
T0911,OP05,M05,Hauling,Cloudy,Flat,Expert,6.7,40,42
T0912,OP06,M06,Grading,Cloudy,Rocky,Beginner,2.4,45,58
T0913,OP06,M06,Grading,Cloudy,Muddy,Beginner,2.4,55,76
T0914,OP06,M06,Grading,Cloudy,Flat,Beginner,2.4,40,49
T0915,OP06,M06,Grading,Cloudy,Flat,Beginner,2.4,70,86
T0916,OP06,M06,Grading,Cloudy,Rocky,Beginner,2.4,75,93
T0917,OP06,M06,Grading,Cloudy,Sloped,Beginner,2.4,70,94
T0918,OP06,M06,Grading,Cloudy,Sloped,Beginner,2.4,50,61
T0919,OP07,M01,Trenching,Clear,Flat,Intermediate,3.2,65,68
T0920,OP07,M01,Loading,Clear,Sloped,Intermediate,3.2,35,38
T0921,OP07,M01,Trenching,Clear,Flat,Intermediate,3.2,65,69
T0922,OP07,M01,Excavation,Clear,Muddy,Intermediate,3.2,60,72
T0923,OP08,M02,Loading,Clear,Rocky,Beginner,5.5,35,44
T0924,OP08,M02,Loading,Clear,Flat,Beginner,5.5,30,36
T0925,OP08,M02,Loading,Clear,Flat,Beginner,5.5,40,47
T0926,OP08,M02,Hauling,Clear,Flat,Beginner,5.5,30,34
T0927,OP09,M03,Excavation,Clear,Muddy,Intermediate,8.1,70,87
T0928,OP09,M03,Trenching,Clear,Flat,Intermediate,8.1,75,83
T0929,OP09,M03,Loading,Clear,Muddy,Intermediate,8.1,30,35
T0930,OP09,M03,Excavation,Clear,Flat,Intermediate,8.1,85,100
T0931,OP09,M03,Trenching,Clear,Rocky,Intermediate,8.1,80,95
T0932,OP10,M04,Grading,Clear,Rocky,Expert,4.0,75,77
T0933,OP10,M04,Grading,Clear,Flat,Expert,4.0,65,64
T0934,OP10,M04,Excavation,Clear,Flat,Expert,4.0,60,64
T0935,OP10,M04,Grading,Clear,Flat,Expert,4.0,60,59
T0936,OP10,M04,Excavation,Clear,Rocky,Expert,4.0,85,97
T0937,OP11,M05,Hauling,Clear,Flat,Beginner,6.7,45,56
T0938,OP11,M05,Hauling,Clear,Flat,Beginner,6.7,40,49
T0939,OP11,M05,Hauling,Clear,Flat,Beginner,6.7,45,48
T0940,OP11,M05,Hauling,Clear,Rocky,Beginner,6.7,60,74
T0941,OP11,M05,Hauling,Clear,Rocky,Beginner,6.7,45,57
T0942,OP12,M06,Grading,Clear,Muddy,Expert,2.4,75,81
T0943,OP12,M06,Grading,Clear,Sloped,Expert,2.4,65,69
T0944,OP12,M06,Grading,Clear,Muddy,Expert,2.4,60,69
T0945,OP12,M06,Grading,Clear,Flat,Expert,2.4,45,41
T0946,OP12,M06,Grading,Clear,Flat,Expert,2.4,65,64
T0947,OP01,M01,Trenching,Rainy,Flat,Beginner,3.2,45,72
T0948,OP01,M01,Loading,Rainy,Rocky,Beginner,3.2,30,50
T0949,OP01,M01,Loading,Rainy,Flat,Beginner,3.2,40,64
T0950,OP01,M01,Excavation,Rainy,Sloped,Beginner,3.2,60,103
T0951,OP01,M01,Loading,Rainy,Muddy,Beginner,3.2,40,66
T0952,OP02,M02,Hauling,Rainy,Muddy,Intermediate,5.5,40,53
T0953,OP02,M02,Hauling,Rainy,Rocky,Intermediate,5.5,40,51
T0954,OP02,M02,Hauling,Rainy,Sloped,Intermediate,5.5,60,80
T0955,OP02,M02,Loading,Rainy,Rocky,Intermediate,5.5,25,34
T0956,OP02,M02,Hauling,Rainy,Rocky,Intermediate,5.5,35,48
T0957,OP03,M03,Loading,Rainy,Rocky,Intermediate,8.1,40,54
T0958,OP03,M03,Excavation,Rainy,Flat,Intermediate,8.1,90,123
T0959,OP03,M03,Excavation,Rainy,Flat,Intermediate,8.1,50,66
T0960,OP03,M03,Trenching,Rainy,Muddy,Intermediate,8.1,75,113
T0961,OP03,M03,Trenching,Rainy,Rocky,Intermediate,8.1,55,74
T0962,OP04,M04,Grading,Rainy,Muddy,Expert,4.0,70,87
T0963,OP04,M04,Excavation,Rainy,Rocky,Expert,4.0,70,86
T0964,OP04,M04,Grading,Rainy,Rocky,Expert,4.0,50,60
T0965,OP04,M04,Grading,Rainy,Rocky,Expert,4.0,50,63
T0966,OP04,M04,Grading,Rainy,Muddy,Expert,4.0,60,76
T0967,OP05,M05,Hauling,Rainy,Muddy,Expert,6.7,50,70
T0968,OP05,M05,Hauling,Rainy,Rocky,Expert,6.7,35,43
T0969,OP05,M05,Hauling,Rainy,Muddy,Expert,6.7,35,46
T0970,OP05,M05,Hauling,Rainy,Muddy,Expert,6.7,35,44
T0971,OP05,M05,Hauling,Rainy,Flat,Expert,6.7,55,61
T0972,OP06,M06,Grading,Rainy,Sloped,Beginner,2.4,40,65
T0973,OP06,M06,Grading,Rainy,Muddy,Beginner,2.4,55,93
T0974,OP06,M06,Grading,Rainy,Muddy,Beginner,2.4,55,93
T0975,OP07,M01,Excavation,Rainy,Muddy,Intermediate,3.2,65,85
T0976,OP07,M01,Loading,Rainy,Muddy,Intermediate,3.2,40,56
T0977,OP07,M01,Trenching,Rainy,Muddy,Intermediate,3.2,60,79
T0978,OP07,M01,Excavation,Rainy,Sloped,Intermediate,3.2,55,69
T0979,OP07,M01,Excavation,Rainy,Muddy,Intermediate,3.2,65,95
T0980,OP08,M02,Hauling,Rainy,Muddy,Beginner,5.5,35,60
T0981,OP08,M02,Loading,Rainy,Muddy,Beginner,5.5,30,53
T0982,OP08,M02,Hauling,Rainy,Rocky,Beginner,5.5,35,59
T0983,OP08,M02,Loading,Rainy,Sloped,Beginner,5.5,40,64
T0984,OP08,M02,Hauling,Rainy,Sloped,Beginner,5.5,35,57
T0985,OP09,M03,Trenching,Rainy,Muddy,Intermediate,8.1,70,103
T0986,OP09,M03,Excavation,Rainy,Flat,Intermediate,8.1,50,64
T0987,OP09,M03,Loading,Rainy,Rocky,Intermediate,8.1,25,35
T0988,OP10,M04,Excavation,Rainy,Rocky,Expert,4.0,70,81
T0989,OP10,M04,Excavation,Rainy,Flat,Expert,4.0,80,88
T0990,OP10,M04,Grading,Rainy,Muddy,Expert,4.0,45,58
T0991,OP10,M04,Excavation,Rainy,Flat,Expert,4.0,85,102
T0992,OP10,M04,Excavation,Rainy,Muddy,Expert,4.0,65,84
T0993,OP11,M05,Hauling,Rainy,Muddy,Beginner,6.7,55,98
T0994,OP11,M05,Hauling,Rainy,Sloped,Beginner,6.7,60,96
T0995,OP11,M05,Hauling,Rainy,Muddy,Beginner,6.7,55,96
T0996,OP11,M05,Hauling,Rainy,Flat,Beginner,6.7,35,57
T0997,OP12,M06,Grading,Rainy,Flat,Expert,2.4,55,58
T0998,OP12,M06,Grading,Rainy,Muddy,Expert,2.4,70,92
T0999,OP12,M06,Grading,Rainy,Flat,Expert,2.4,55,58
T1000,OP12,M06,Grading,Rainy,Flat,Expert,2.4,45,48
