Timestamp,Machine_ID,Operator_ID,Shift_ID,Machine_Type,GPS_Zone,Engine_Hours,Fuel_Used,Load_Cycles,Idling_Time,Hydraulic_Pressure,Hours_Since_Service,Seatbelt_Status,Proximity_Alert,Safety_Alert_Triggered
2026-09-01T07:00:00Z,M01,OP01,SH-20260901-A,Excavator,Zone_E,4544.5,36.3,43,16,330.4,122.0,true,true,true
2026-09-01T07:00:00Z,M02,OP02,SH-20260901-A,Wheel Loader,Zone_E,7868.5,29.8,44,5,321.4,62.0,true,true,true
2026-09-01T07:00:00Z,M03,OP03,SH-20260901-A,Excavator,Zone_B,11503.0,36.8,49,7,311.7,222.0,true,false,false
2026-09-01T07:00:00Z,M04,OP04,SH-20260901-A,Dozer,Zone_C,5679.4,43.2,25,7,333.8,151.9,true,false,false
2026-09-01T07:00:00Z,M05,OP05,SH-20260901-A,Articulated Truck,Zone_D,9439.6,44.1,6,14,306.9,381.9,true,true,true
2026-09-01T07:00:00Z,M06,OP06,SH-20260901-A,Motor Grader,Zone_D,3498.4,22.6,10,2,325.7,91.9,true,true,true
2026-09-01T09:00:00Z,M01,OP01,SH-20260901-A,Excavator,Zone_A,4546.3,30.1,49,17,328.9,123.8,true,false,false
2026-09-01T09:00:00Z,M02,OP02,SH-20260901-A,Wheel Loader,Zone_B,7870.4,27.9,44,6,326.6,63.9,true,true,true
2026-09-01T09:00:00Z,M03,OP03,SH-20260901-A,Excavator,Zone_B,11504.9,37.0,64,12,314.6,223.9,true,true,true
2026-09-01T09:00:00Z,M04,OP04,SH-20260901-A,Dozer,Zone_E,5681.3,41.7,21,3,331.3,153.8,true,false,false
2026-09-01T09:00:00Z,M05,OP05,SH-20260901-A,Articulated Truck,Zone_D,9441.5,93.8,5,14,300.4,383.8,true,false,false
2026-09-01T09:00:00Z,M06,OP06,SH-20260901-A,Motor Grader,Zone_G,3500.4,24.7,12,4,328.1,93.9,true,false,false
2026-09-01T11:00:00Z,M01,OP01,SH-20260901-A,Excavator,Zone_A,4548.3,31.5,51,28,335.9,125.8,true,true,true
2026-09-01T11:00:00Z,M02,OP02,SH-20260901-A,Wheel Loader,Zone_A,7872.3,26.9,36,6,325.0,65.8,true,true,true
2026-09-01T11:00:00Z,M03,OP03,SH-20260901-A,Excavator,Zone_B,11506.8,37.1,64,12,315.3,225.8,true,false,false
2026-09-01T11:00:00Z,M04,OP04,SH-20260901-A,Dozer,Zone_F,5683.3,43.3,21,9,336.3,155.8,true,true,true
2026-09-01T11:00:00Z,M05,OP05,SH-20260901-A,Articulated Truck,Zone_D,9443.5,37.3,3,49,307.0,385.8,true,false,false
2026-09-01T11:00:00Z,M06,OP06,SH-20260901-A,Motor Grader,Zone_F,3502.4,22.2,8,19,329.7,95.9,true,true,true
2026-09-01T13:00:00Z,M01,OP01,SH-20260901-A,Excavator,Zone_A,4550.2,33.2,56,8,330.0,127.7,true,false,false
2026-09-01T13:00:00Z,M02,OP02,SH-20260901-A,Wheel Loader,Zone_D,7874.1,29.4,40,2,327.3,67.6,true,true,true
2026-09-01T13:00:00Z,M03,OP03,SH-20260901-A,Excavator,Zone_B,11508.6,27.3,29,47,309.2,227.6,true,false,false
2026-09-01T13:00:00Z,M04,OP04,SH-20260901-A,Dozer,Zone_C,5685.2,33.0,17,54,330.7,157.7,true,false,false
2026-09-01T13:00:00Z,M05,OP05,SH-20260901-A,Articulated Truck,Zone_D,9445.5,34.7,3,53,302.5,387.8,true,true,true
2026-09-01T13:00:00Z,M06,OP06,SH-20260901-A,Motor Grader,Zone_F,3504.3,16.3,5,60,329.7,97.8,true,false,false
2026-09-01T15:00:00Z,M01,OP07,SH-20260901-B,Excavator,Zone_A,4552.2,31.1,53,28,327.1,129.7,true,false,false
2026-09-01T15:00:00Z,M02,OP08,SH-20260901-B,Wheel Loader,Zone_B,7875.9,26.3,40,14,324.9,69.4,true,true,true
2026-09-01T15:00:00Z,M03,OP09,SH-20260901-B,Excavator,Zone_B,11510.5,33.7,49,26,310.9,229.5,true,true,true
2026-09-01T15:00:00Z,M04,OP10,SH-20260901-B,Dozer,Zone_C,5687.2,47.5,21,2,330.8,159.7,true,false,false
2026-09-01T15:00:00Z,M05,OP11,SH-20260901-B,Articulated Truck,Zone_D,9447.4,42.2,5,22,311.7,389.7,true,false,false
2026-09-01T15:00:00Z,M06,OP12,SH-20260901-B,Motor Grader,Zone_E,3506.2,25.1,11,3,328.9,99.7,true,false,false
2026-09-01T17:00:00Z,M01,OP07,SH-20260901-B,Excavator,Zone_A,4554.0,32.5,50,6,331.3,131.5,true,true,true
2026-09-01T17:00:00Z,M02,OP08,SH-20260901-B,Wheel Loader,Zone_A,7877.8,25.5,44,6,328.0,71.3,true,true,true
2026-09-01T17:00:00Z,M03,OP09,SH-20260901-B,Excavator,Zone_B,11512.4,40.4,59,6,306.7,231.4,true,false,false
2026-09-01T17:00:00Z,M04,OP10,SH-20260901-B,Dozer,Zone_C,5689.1,41.0,22,12,332.6,161.6,true,false,false
2026-09-01T17:00:00Z,M05,OP11,SH-20260901-B,Articulated Truck,Zone_D,9449.3,42.8,6,9,304.2,391.6,true,false,false
2026-09-01T17:00:00Z,M06,OP12,SH-20260901-B,Motor Grader,Zone_F,3508.1,21.6,6,18,280.8,101.6,true,false,false
2026-09-01T19:00:00Z,M01,OP07,SH-20260901-B,Excavator,Zone_D,4555.9,36.4,48,5,330.9,133.4,true,true,true
2026-09-01T19:00:00Z,M02,OP08,SH-20260901-B,Wheel Loader,Zone_E,7879.6,22.9,33,36,328.5,73.1,true,false,false
2026-09-01T19:00:00Z,M03,OP09,SH-20260901-B,Excavator,Zone_H,11514.4,39.4,40,15,311.0,233.4,true,false,false
2026-09-01T19:00:00Z,M04,OP10,SH-20260901-B,Dozer,Zone_B,5690.9,40.6,26,12,335.7,163.4,true,false,false
2026-09-01T19:00:00Z,M05,OP11,SH-20260901-B,Articulated Truck,Zone_D,9451.2,42.3,4,31,308.7,393.5,true,true,true
2026-09-01T19:00:00Z,M06,OP12,SH-20260901-B,Motor Grader,Zone_C,3509.9,19.5,8,19,327.8,103.4,true,false,false
2026-09-01T21:00:00Z,M01,OP07,SH-20260901-B,Excavator,Zone_A,4557.7,28.3,49,33,332.5,135.2,true,false,false
2026-09-01T21:00:00Z,M02,OP08,SH-20260901-B,Wheel Loader,Zone_F,7881.5,21.9,22,56,326.6,75.0,true,true,true
2026-09-01T21:00:00Z,M03,OP09,SH-20260901-B,Excavator,Zone_B,11516.3,33.2,46,24,307.8,235.3,true,false,false
2026-09-01T21:00:00Z,M04,OP10,SH-20260901-B,Dozer,Zone_C,5692.8,34.4,14,51,332.2,165.3,true,false,false
2026-09-01T21:00:00Z,M05,OP11,SH-20260901-B,Articulated Truck,Zone_D,9453.1,28.3,2,76,306.5,395.4,true,false,false
2026-09-01T21:00:00Z,M06,OP12,SH-20260901-B,Motor Grader,Zone_F,3511.7,15.8,5,64,331.4,105.2,true,true,true
2026-09-02T07:00:00Z,M01,OP01,SH-20260902-A,Excavator,Zone_A,4559.6,34.0,69,1,323.3,137.1,true,false,false
2026-09-02T07:00:00Z,M02,OP02,SH-20260902-A,Wheel Loader,Zone_G,7883.4,48.3,45,6,327.4,76.9,true,true,true
2026-09-02T07:00:00Z,M03,OP03,SH-20260902-A,Excavator,Zone_G,11518.2,38.6,46,16,313.7,237.2,true,true,true
2026-09-02T07:00:00Z,M04,OP04,SH-20260902-A,Dozer,Zone_C,5694.7,42.6,19,26,332.4,167.2,true,false,false
2026-09-02T07:00:00Z,M05,OP05,SH-20260902-A,Articulated Truck,Zone_D,9455.1,39.9,5,16,309.6,397.4,true,false,false
2026-09-02T07:00:00Z,M06,OP06,SH-20260902-A,Motor Grader,Zone_F,3513.6,22.0,10,8,330.0,107.1,true,false,false
2026-09-02T09:00:00Z,M01,OP01,SH-20260902-A,Excavator,Zone_A,4561.4,27.3,37,35,328.3,138.9,true,true,true
2026-09-02T09:00:00Z,M02,OP02,SH-20260902-A,Wheel Loader,Zone_E,7885.4,28.7,46,9,326.2,78.9,false,false,true
2026-09-02T09:00:00Z,M03,OP03,SH-20260902-A,Excavator,Zone_H,11520.1,37.1,48,12,310.7,239.1,true,false,false
2026-09-02T09:00:00Z,M04,OP04,SH-20260902-A,Dozer,Zone_A,5696.6,41.5,22,8,324.4,169.1,true,true,true
2026-09-02T09:00:00Z,M05,OP05,SH-20260902-A,Articulated Truck,Zone_A,9457.0,44.6,7,12,302.4,399.3,true,true,true
2026-09-02T09:00:00Z,M06,OP06,SH-20260902-A,Motor Grader,Zone_F,3515.6,24.9,7,7,331.8,109.1,true,false,false
2026-09-02T11:00:00Z,M01,OP01,SH-20260902-A,Excavator,Zone_A,4563.3,31.2,56,15,330.5,140.8,true,true,true
2026-09-02T11:00:00Z,M02,OP02,SH-20260902-A,Wheel Loader,Zone_D,7887.2,27.0,52,3,326.7,80.7,true,true,true
2026-09-02T11:00:00Z,M03,OP03,SH-20260902-A,Excavator,Zone_A,11522.1,34.8,67,7,307.6,241.1,true,true,true
2026-09-02T11:00:00Z,M04,OP04,SH-20260902-A,Dozer,Zone_E,5698.5,45.1,19,9,333.3,171.0,true,false,false
2026-09-02T11:00:00Z,M05,OP05,SH-20260902-A,Articulated Truck,Zone_D,9459.0,53.7,6,2,304.8,401.3,true,true,true
2026-09-02T11:00:00Z,M06,OP06,SH-20260902-A,Motor Grader,Zone_F,3517.6,22.0,9,11,328.4,111.1,true,false,false
2026-09-02T13:00:00Z,M01,OP01,SH-20260902-A,Excavator,Zone_H,4565.3,22.6,32,62,327.6,142.8,true,false,false
2026-09-02T13:00:00Z,M02,OP02,SH-20260902-A,Wheel Loader,Zone_E,7889.1,15.5,11,91,327.2,82.6,true,false,false
2026-09-02T13:00:00Z,M03,OP03,SH-20260902-A,Excavator,Zone_C,11524.0,39.3,67,7,309.1,243.0,true,true,true
2026-09-02T13:00:00Z,M04,OP04,SH-20260902-A,Dozer,Zone_C,5700.5,45.0,21,5,324.6,173.0,true,true,true
2026-09-02T13:00:00Z,M05,OP05,SH-20260902-A,Articulated Truck,Zone_D,9461.0,29.2,0,97,302.9,403.3,true,true,true
2026-09-02T13:00:00Z,M06,OP06,SH-20260902-A,Motor Grader,Zone_D,3519.4,15.3,6,52,325.7,112.9,true,true,true
2026-09-02T15:00:00Z,M01,OP07,SH-20260902-B,Excavator,Zone_A,4567.3,39.2,64,2,333.5,144.8,true,false,false
2026-09-02T15:00:00Z,M02,OP08,SH-20260902-B,Wheel Loader,Zone_E,7891.1,29.2,43,15,326.7,84.6,true,false,false
2026-09-02T15:00:00Z,M03,OP09,SH-20260902-B,Excavator,Zone_G,11526.0,36.5,54,22,304.8,245.0,true,false,false
2026-09-02T15:00:00Z,M04,OP10,SH-20260902-B,Dozer,Zone_C,5702.3,45.6,28,10,328.5,174.8,true,false,false
2026-09-02T15:00:00Z,M05,OP11,SH-20260902-B,Articulated Truck,Zone_D,9462.8,42.9,1,110,307.7,405.1,true,false,false
2026-09-02T15:00:00Z,M06,OP12,SH-20260902-B,Motor Grader,Zone_F,3521.3,21.8,7,30,330.0,114.8,true,false,false
2026-09-02T17:00:00Z,M01,OP07,SH-20260902-B,Excavator,Zone_A,4569.2,39.9,65,3,328.8,146.7,true,false,false
2026-09-02T17:00:00Z,M02,OP08,SH-20260902-B,Wheel Loader,Zone_B,7893.0,27.5,46,4,282.8,86.5,true,false,false
2026-09-02T17:00:00Z,M03,OP09,SH-20260902-B,Excavator,Zone_E,11527.8,35.7,57,10,307.0,246.8,true,false,false
2026-09-02T17:00:00Z,M04,OP10,SH-20260902-B,Dozer,Zone_C,5704.1,40.8,24,8,330.9,176.6,true,false,false
2026-09-02T17:00:00Z,M05,OP11,SH-20260902-B,Articulated Truck,Zone_H,9464.7,43.1,6,12,302.2,407.0,true,true,true
2026-09-02T17:00:00Z,M06,OP12,SH-20260902-B,Motor Grader,Zone_H,3523.2,24.4,6,10,328.9,116.7,true,true,true
2026-09-02T19:00:00Z,M01,OP07,SH-20260902-B,Excavator,Zone_H,4571.0,37.6,55,5,333.3,148.5,true,false,false
2026-09-02T19:00:00Z,M02,OP08,SH-20260902-B,Wheel Loader,Zone_E,7894.9,21.2,21,60,323.7,88.4,true,false,false
2026-09-02T19:00:00Z,M03,OP09,SH-20260902-B,Excavator,Zone_B,11529.7,28.1,44,38,311.4,248.7,true,false,false
2026-09-02T19:00:00Z,M04,OP10,SH-20260902-B,Dozer,Zone_C,5705.9,38.4,21,18,330.2,178.4,true,false,false
2026-09-02T19:00:00Z,M05,OP11,SH-20260902-B,Articulated Truck,Zone_D,9466.6,46.8,6,1,304.9,408.9,true,false,false
2026-09-02T19:00:00Z,M06,OP12,SH-20260902-B,Motor Grader,Zone_F,3525.0,18.0,5,38,333.0,118.5,true,false,false
2026-09-02T21:00:00Z,M01,OP07,SH-20260902-B,Excavator,Zone_A,4572.9,22.0,26,71,327.0,150.4,true,false,false
2026-09-02T21:00:00Z,M02,OP08,SH-20260902-B,Wheel Loader,Zone_E,7896.7,21.2,24,46,331.9,90.2,true,false,false
2026-09-02T21:00:00Z,M03,OP09,SH-20260902-B,Excavator,Zone_B,11531.6,31.3,44,46,312.9,250.6,true,false,false
2026-09-02T21:00:00Z,M04,OP10,SH-20260902-B,Dozer,Zone_C,5707.9,50.2,22,11,330.9,180.4,true,false,false
2026-09-02T21:00:00Z,M05,OP11,SH-20260902-B,Articulated Truck,Zone_D,9468.6,45.2,4,22,306.4,410.9,false,false,true
2026-09-02T21:00:00Z,M06,OP12,SH-20260902-B,Motor Grader,Zone_F,3526.8,15.6,5,62,332.8,120.3,true,false,false
2026-09-03T07:00:00Z,M01,OP01,SH-20260903-A,Excavator,Zone_A,4574.8,34.8,54,2,330.4,152.3,true,false,false
2026-09-03T07:00:00Z,M02,OP02,SH-20260903-A,Wheel Loader,Zone_E,7898.5,25.1,39,14,326.1,92.0,true,true,true
2026-09-03T07:00:00Z,M03,OP03,SH-20260903-A,Excavator,Zone_E,11533.6,37.0,52,19,308.9,252.6,true,true,true
2026-09-03T07:00:00Z,M04,OP04,SH-20260903-A,Dozer,Zone_C,5709.8,45.6,19,7,332.7,182.3,true,false,false
2026-09-03T07:00:00Z,M05,OP05,SH-20260903-A,Articulated Truck,Zone_F,9470.6,48.0,6,3,304.4,412.9,true,true,true
2026-09-03T07:00:00Z,M06,OP06,SH-20260903-A,Motor Grader,Zone_F,3528.7,23.1,9,17,329.6,122.2,true,true,true
2026-09-03T09:00:00Z,M01,OP01,SH-20260903-A,Excavator,Zone_A,4576.8,38.0,56,13,327.8,154.3,true,false,false
2026-09-03T09:00:00Z,M02,OP02,SH-20260903-A,Wheel Loader,Zone_E,7900.3,27.5,42,4,325.8,93.8,true,false,false
2026-09-03T09:00:00Z,M03,OP03,SH-20260903-A,Excavator,Zone_C,11535.6,33.9,52,16,308.5,254.6,true,true,true
2026-09-03T09:00:00Z,M04,OP04,SH-20260903-A,Dozer,Zone_C,5711.7,44.8,26,7,329.7,184.2,true,true,true
2026-09-03T09:00:00Z,M05,OP05,SH-20260903-A,Articulated Truck,Zone_H,9472.5,40.8,5,20,305.6,414.8,true,true,true
2026-09-03T09:00:00Z,M06,OP06,SH-20260903-A,Motor Grader,Zone_H,3530.6,21.8,11,9,336.5,124.1,true,true,true
2026-09-03T11:00:00Z,M01,OP01,SH-20260903-A,Excavator,Zone_A,4578.7,31.1,47,26,332.3,156.2,true,true,true
2026-09-03T11:00:00Z,M02,OP02,SH-20260903-A,Wheel Loader,Zone_E,7902.3,29.7,45,4,320.8,95.8,true,false,false
2026-09-03T11:00:00Z,M03,OP03,SH-20260903-A,Excavator,Zone_D,11537.4,30.7,44,33,310.8,256.4,true,false,false
2026-09-03T11:00:00Z,M04,OP04,SH-20260903-A,Dozer,Zone_C,5713.6,42.5,26,10,331.8,186.1,true,false,false
2026-09-03T11:00:00Z,M05,OP05,SH-20260903-A,Articulated Truck,Zone_A,9474.4,41.1,6,16,306.7,416.7,true,true,true
2026-09-03T11:00:00Z,M06,OP06,SH-20260903-A,Motor Grader,Zone_F,3532.5,23.6,9,8,328.4,126.0,true,false,false
2026-09-03T13:00:00Z,M01,OP01,SH-20260903-A,Excavator,Zone_F,4580.7,27.3,32,55,326.6,158.2,true,true,true
2026-09-03T13:00:00Z,M02,OP02,SH-20260903-A,Wheel Loader,Zone_E,7904.1,27.1,48,8,329.7,97.6,true,false,false
2026-09-03T13:00:00Z,M03,OP03,SH-20260903-A,Excavator,Zone_B,11539.2,32.4,50,20,303.3,258.2,true,false,false
2026-09-03T13:00:00Z,M04,OP04,SH-20260903-A,Dozer,Zone_C,5715.6,44.6,24,11,332.1,188.1,true,false,false
2026-09-03T13:00:00Z,M05,OP05,SH-20260903-A,Articulated Truck,Zone_D,9476.2,35.5,3,37,304.0,418.5,true,false,false
2026-09-03T13:00:00Z,M06,OP06,SH-20260903-A,Motor Grader,Zone_F,3534.4,16.2,6,50,325.6,127.9,true,true,true
2026-09-03T15:00:00Z,M01,OP07,SH-20260903-B,Excavator,Zone_G,4582.6,32.9,60,11,272.7,160.1,true,false,false
2026-09-03T15:00:00Z,M02,OP08,SH-20260903-B,Wheel Loader,Zone_E,7906.0,29.1,38,16,330.1,99.5,true,false,false
2026-09-03T15:00:00Z,M03,OP09,SH-20260903-B,Excavator,Zone_B,11541.2,37.9,54,4,306.0,260.2,true,true,true
2026-09-03T15:00:00Z,M04,OP10,SH-20260903-B,Dozer,Zone_C,5717.5,45.9,26,5,338.0,190.0,true,false,false
2026-09-03T15:00:00Z,M05,OP11,SH-20260903-B,Articulated Truck,Zone_B,9478.2,46.4,7,3,298.2,420.5,true,true,true
2026-09-03T15:00:00Z,M06,OP12,SH-20260903-B,Motor Grader,Zone_H,3536.2,22.1,10,5,331.2,129.7,true,false,false
2026-09-03T17:00:00Z,M01,OP07,SH-20260903-B,Excavator,Zone_A,4584.5,35.9,60,1,329.7,162.0,true,false,false
2026-09-03T17:00:00Z,M02,OP08,SH-20260903-B,Wheel Loader,Zone_B,7907.8,29.5,44,4,323.9,101.3,true,true,true
2026-09-03T17:00:00Z,M03,OP09,SH-20260903-B,Excavator,Zone_B,11543.1,35.9,46,20,306.6,262.1,true,true,true
2026-09-03T17:00:00Z,M04,OP10,SH-20260903-B,Dozer,Zone_E,5719.5,49.2,22,7,331.5,192.0,true,false,false
2026-09-03T17:00:00Z,M05,OP11,SH-20260903-B,Articulated Truck,Zone_D,9480.1,42.9,5,15,309.2,422.4,false,false,true
2026-09-03T17:00:00Z,M06,OP12,SH-20260903-B,Motor Grader,Zone_F,3538.1,20.4,7,13,332.6,131.6,false,false,true
2026-09-03T19:00:00Z,M01,OP07,SH-20260903-B,Excavator,Zone_A,4586.4,29.8,41,35,329.2,163.9,true,false,false
2026-09-03T19:00:00Z,M02,OP08,SH-20260903-B,Wheel Loader,Zone_E,7909.6,25.2,47,3,325.6,103.1,true,false,false
2026-09-03T19:00:00Z,M03,OP09,SH-20260903-B,Excavator,Zone_B,11545.0,41.2,55,0,305.3,264.0,true,true,true
2026-09-03T19:00:00Z,M04,OP10,SH-20260903-B,Dozer,Zone_C,5721.5,47.1,24,2,328.8,194.0,true,false,false
2026-09-03T19:00:00Z,M05,OP11,SH-20260903-B,Articulated Truck,Zone_B,9482.0,35.3,4,34,307.0,424.3,true,true,true
2026-09-03T19:00:00Z,M06,OP12,SH-20260903-B,Motor Grader,Zone_F,3540.1,19.4,6,49,326.6,133.6,true,false,false
2026-09-03T21:00:00Z,M01,OP07,SH-20260903-B,Excavator,Zone_D,4588.4,24.5,27,69,328.4,165.9,true,true,true
2026-09-03T21:00:00Z,M02,OP08,SH-20260903-B,Wheel Loader,Zone_E,7911.4,20.6,26,49,323.9,104.9,true,true,true
2026-09-03T21:00:00Z,M03,OP09,SH-20260903-B,Excavator,Zone_E,11546.9,28.4,34,61,305.3,265.9,true,true,true
2026-09-03T21:00:00Z,M04,OP10,SH-20260903-B,Dozer,Zone_G,5723.3,30.0,13,60,332.8,195.8,true,false,false
2026-09-03T21:00:00Z,M05,OP11,SH-20260903-B,Articulated Truck,Zone_F,9483.9,42.8,4,29,305.0,426.2,true,false,false
2026-09-03T21:00:00Z,M06,OP12,SH-20260903-B,Motor Grader,Zone_D,3542.1,22.8,8,27,334.6,135.6,true,true,true
2026-09-04T07:00:00Z,M01,OP01,SH-20260904-A,Excavator,Zone_A,4590.4,39.1,57,9,326.9,167.9,true,false,false
2026-09-04T07:00:00Z,M02,OP02,SH-20260904-A,Wheel Loader,Zone_E,7913.2,24.2,27,39,329.1,106.7,true,false,false
2026-09-04T07:00:00Z,M03,OP03,SH-20260904-A,Excavator,Zone_B,11548.8,40.5,57,8,309.7,267.8,true,false,false
2026-09-04T07:00:00Z,M04,OP04,SH-20260904-A,Dozer,Zone_C,5725.3,43.2,24,8,328.4,197.8,true,false,false
2026-09-04T07:00:00Z,M05,OP05,SH-20260904-A,Articulated Truck,Zone_D,9485.8,39.3,6,21,305.7,428.1,true,false,false
2026-09-04T07:00:00Z,M06,OP06,SH-20260904-A,Motor Grader,Zone_H,3544.0,24.2,9,8,328.0,137.5,true,false,false
2026-09-04T09:00:00Z,M01,OP01,SH-20260904-A,Excavator,Zone_A,4592.3,30.2,40,31,331.5,169.8,true,false,false
2026-09-04T09:00:00Z,M02,OP02,SH-20260904-A,Wheel Loader,Zone_D,7915.1,30.1,50,3,320.0,108.6,true,true,true
2026-09-04T09:00:00Z,M03,OP03,SH-20260904-A,Excavator,Zone_B,11550.7,39.2,57,7,309.8,269.7,true,false,false
2026-09-04T09:00:00Z,M04,OP04,SH-20260904-A,Dozer,Zone_F,5727.2,43.5,21,13,329.2,199.7,true,true,true
2026-09-04T09:00:00Z,M05,OP05,SH-20260904-A,Articulated Truck,Zone_D,9487.6,43.2,5,3,301.0,429.9,true,true,true
2026-09-04T09:00:00Z,M06,OP06,SH-20260904-A,Motor Grader,Zone_F,3545.9,24.7,10,1,334.9,139.4,true,true,true
2026-09-04T11:00:00Z,M01,OP01,SH-20260904-A,Excavator,Zone_D,4594.3,34.8,49,5,327.6,171.8,true,false,false
2026-09-04T11:00:00Z,M02,OP02,SH-20260904-A,Wheel Loader,Zone_E,7917.0,25.7,35,33,318.8,110.5,true,false,false
2026-09-04T11:00:00Z,M03,OP03,SH-20260904-A,Excavator,Zone_H,11552.7,30.7,46,42,303.2,271.7,true,false,false
2026-09-04T11:00:00Z,M04,OP04,SH-20260904-A,Dozer,Zone_C,5729.1,46.0,24,8,328.6,201.6,true,false,false
2026-09-04T11:00:00Z,M05,OP05,SH-20260904-A,Articulated Truck,Zone_G,9489.5,48.2,6,6,306.7,431.8,true,false,false
2026-09-04T11:00:00Z,M06,OP06,SH-20260904-A,Motor Grader,Zone_B,3547.9,23.5,10,3,331.1,141.4,true,false,false
2026-09-04T13:00:00Z,M01,OP01,SH-20260904-A,Excavator,Zone_A,4596.1,22.3,34,55,331.6,173.6,true,true,true
2026-09-04T13:00:00Z,M02,OP02,SH-20260904-A,Wheel Loader,Zone_E,7919.0,28.0,30,31,318.2,112.5,true,false,false
2026-09-04T13:00:00Z,M03,OP03,SH-20260904-A,Excavator,Zone_B,11554.6,27.2,31,61,309.5,273.6,true,true,true
2026-09-04T13:00:00Z,M04,OP04,SH-20260904-A,Dozer,Zone_B,5731.1,43.1,19,34,330.0,203.6,true,true,true
2026-09-04T13:00:00Z,M05,OP05,SH-20260904-A,Articulated Truck,Zone_H,9491.4,34.2,4,56,302.3,433.7,true,false,false
2026-09-04T13:00:00Z,M06,OP06,SH-20260904-A,Motor Grader,Zone_A,3549.9,16.8,5,66,332.4,143.4,false,true,true
2026-09-04T15:00:00Z,M01,OP07,SH-20260904-B,Excavator,Zone_B,4598.0,37.3,65,5,328.4,175.5,true,true,true
2026-09-04T15:00:00Z,M02,OP08,SH-20260904-B,Wheel Loader,Zone_E,7920.9,31.0,36,2,317.9,114.4,true,false,false
2026-09-04T15:00:00Z,M03,OP09,SH-20260904-B,Excavator,Zone_B,11556.5,39.7,55,6,311.8,275.5,true,true,true
2026-09-04T15:00:00Z,M04,OP10,SH-20260904-B,Dozer,Zone_C,5732.9,38.2,21,17,338.1,205.4,true,false,false
2026-09-04T15:00:00Z,M05,OP11,SH-20260904-B,Articulated Truck,Zone_G,9493.3,45.1,4,10,302.1,435.6,true,false,false
2026-09-04T15:00:00Z,M06,OP12,SH-20260904-B,Motor Grader,Zone_F,3551.8,21.3,8,13,328.0,145.3,true,false,false
2026-09-04T17:00:00Z,M01,OP07,SH-20260904-B,Excavator,Zone_C,4599.9,38.1,53,6,328.0,177.4,true,true,true
2026-09-04T17:00:00Z,M02,OP08,SH-20260904-B,Wheel Loader,Zone_E,7922.8,27.9,52,11,326.3,116.3,false,false,true
2026-09-04T17:00:00Z,M03,OP09,SH-20260904-B,Excavator,Zone_C,11558.4,41.1,51,11,308.5,277.4,true,true,true
2026-09-04T17:00:00Z,M04,OP10,SH-20260904-B,Dozer,Zone_C,5734.8,43.2,20,16,327.8,207.3,true,true,true
2026-09-04T17:00:00Z,M05,OP11,SH-20260904-B,Articulated Truck,Zone_B,9495.3,52.6,6,3,309.9,437.6,true,false,false
2026-09-04T17:00:00Z,M06,OP12,SH-20260904-B,Motor Grader,Zone_F,3553.7,21.9,9,9,328.1,147.2,true,false,false
2026-09-04T19:00:00Z,M01,OP07,SH-20260904-B,Excavator,Zone_H,4601.7,32.2,61,7,329.9,179.2,true,false,false
2026-09-04T19:00:00Z,M02,OP08,SH-20260904-B,Wheel Loader,Zone_A,7924.8,32.8,46,6,323.3,118.3,true,false,false
2026-09-04T19:00:00Z,M03,OP09,SH-20260904-B,Excavator,Zone_B,11560.4,38.7,56,5,304.5,279.4,true,false,false
2026-09-04T19:00:00Z,M04,OP10,SH-20260904-B,Dozer,Zone_C,5736.7,39.1,16,32,329.5,209.2,true,true,true
2026-09-04T19:00:00Z,M05,OP11,SH-20260904-B,Articulated Truck,Zone_C,9497.2,47.3,4,4,306.5,439.5,true,true,true
2026-09-04T19:00:00Z,M06,OP12,SH-20260904-B,Motor Grader,Zone_D,3555.6,18.8,6,45,323.8,149.1,true,false,false
2026-09-04T21:00:00Z,M01,OP07,SH-20260904-B,Excavator,Zone_C,4603.6,28.3,39,47,327.0,181.1,true,true,true
2026-09-04T21:00:00Z,M02,OP08,SH-20260904-B,Wheel Loader,Zone_E,7926.6,18.3,18,56,327.9,120.1,true,false,false
2026-09-04T21:00:00Z,M03,OP09,SH-20260904-B,Excavator,Zone_B,11562.3,32.1,55,19,306.7,281.3,true,false,false
2026-09-04T21:00:00Z,M04,OP10,SH-20260904-B,Dozer,Zone_C,5738.6,26.8,9,78,328.1,211.1,true,true,true
2026-09-04T21:00:00Z,M05,OP11,SH-20260904-B,Articulated Truck,Zone_D,9499.1,35.3,3,58,303.2,441.4,true,false,false
2026-09-04T21:00:00Z,M06,OP12,SH-20260904-B,Motor Grader,Zone_F,3557.4,19.3,8,24,328.8,150.9,true,false,false
2026-09-05T07:00:00Z,M01,OP01,SH-20260905-A,Excavator,Zone_A,4605.5,34.3,58,16,326.3,183.0,true,false,false
2026-09-05T07:00:00Z,M02,OP02,SH-20260905-A,Wheel Loader,Zone_D,7928.5,26.6,35,25,325.8,122.0,true,true,true
2026-09-05T07:00:00Z,M03,OP03,SH-20260905-A,Excavator,Zone_B,11564.3,38.5,44,6,303.8,283.3,true,true,true
2026-09-05T07:00:00Z,M04,OP04,SH-20260905-A,Dozer,Zone_B,5740.6,45.4,16,17,329.4,213.1,true,true,true
2026-09-05T07:00:00Z,M05,OP05,SH-20260905-A,Articulated Truck,Zone_D,9501.0,38.2,5,20,300.4,443.3,true,true,true
2026-09-05T07:00:00Z,M06,OP06,SH-20260905-A,Motor Grader,Zone_E,3559.4,26.4,1,114,331.9,152.9,true,false,false
2026-09-05T09:00:00Z,M01,OP01,SH-20260905-A,Excavator,Zone_G,4607.3,29.9,66,5,330.0,184.8,true,false,false
2026-09-05T09:00:00Z,M02,OP02,SH-20260905-A,Wheel Loader,Zone_E,7930.5,28.8,50,2,328.0,124.0,true,false,false
2026-09-05T09:00:00Z,M03,OP03,SH-20260905-A,Excavator,Zone_A,11566.2,35.3,46,18,302.0,285.2,true,false,false
2026-09-05T09:00:00Z,M04,OP04,SH-20260905-A,Dozer,Zone_B,5742.4,43.6,20,6,326.9,214.9,true,false,false
2026-09-05T09:00:00Z,M05,OP05,SH-20260905-A,Articulated Truck,Zone_D,9502.9,47.1,6,4,309.7,445.2,true,false,false
2026-09-05T09:00:00Z,M06,OP06,SH-20260905-A,Motor Grader,Zone_F,3561.2,20.6,9,19,327.8,154.7,true,false,false
2026-09-05T11:00:00Z,M01,OP01,SH-20260905-A,Excavator,Zone_A,4609.2,29.7,45,37,328.0,186.7,true,false,false
2026-09-05T11:00:00Z,M02,OP02,SH-20260905-A,Wheel Loader,Zone_E,7932.4,30.0,41,17,325.5,125.9,true,false,false
2026-09-05T11:00:00Z,M03,OP03,SH-20260905-A,Excavator,Zone_G,11568.1,36.8,47,8,304.7,287.1,false,false,true
2026-09-05T11:00:00Z,M04,OP04,SH-20260905-A,Dozer,Zone_C,5744.2,46.3,21,13,329.1,216.7,true,false,false
2026-09-05T11:00:00Z,M05,OP05,SH-20260905-A,Articulated Truck,Zone_H,9504.8,47.2,5,9,307.2,447.1,true,false,false
2026-09-05T11:00:00Z,M06,OP06,SH-20260905-A,Motor Grader,Zone_F,3563.2,25.4,10,11,326.7,156.7,true,false,false
2026-09-05T13:00:00Z,M01,OP01,SH-20260905-A,Excavator,Zone_B,4611.1,38.0,55,2,320.4,188.6,true,true,true
2026-09-05T13:00:00Z,M02,OP02,SH-20260905-A,Wheel Loader,Zone_E,7934.3,21.6,28,48,327.8,127.8,true,false,false
2026-09-05T13:00:00Z,M03,OP03,SH-20260905-A,Excavator,Zone_B,11570.0,32.2,40,40,308.9,289.0,true,true,true
2026-09-05T13:00:00Z,M04,OP04,SH-20260905-A,Dozer,Zone_B,5746.2,32.6,10,60,332.4,218.7,true,true,true
2026-09-05T13:00:00Z,M05,OP05,SH-20260905-A,Articulated Truck,Zone_D,9506.7,32.1,3,61,302.6,449.0,true,false,false
2026-09-05T13:00:00Z,M06,OP06,SH-20260905-A,Motor Grader,Zone_F,3565.2,22.7,7,25,327.8,158.7,true,false,false
2026-09-05T15:00:00Z,M01,OP07,SH-20260905-B,Excavator,Zone_A,4613.0,35.6,60,13,324.7,190.5,true,false,false
2026-09-05T15:00:00Z,M02,OP08,SH-20260905-B,Wheel Loader,Zone_E,7936.1,28.4,41,12,325.2,129.6,true,false,false
2026-09-05T15:00:00Z,M03,OP09,SH-20260905-B,Excavator,Zone_F,11572.0,34.7,51,27,301.6,291.0,true,false,false
2026-09-05T15:00:00Z,M04,OP10,SH-20260905-B,Dozer,Zone_C,5748.2,48.8,23,12,332.1,220.7,true,false,false
2026-09-05T15:00:00Z,M05,OP11,SH-20260905-B,Articulated Truck,Zone_D,9508.6,45.3,5,12,305.1,450.9,true,false,false
2026-09-05T15:00:00Z,M06,OP12,SH-20260905-B,Motor Grader,Zone_G,3567.1,24.2,12,6,331.8,160.6,true,false,false
2026-09-05T17:00:00Z,M01,OP07,SH-20260905-B,Excavator,Zone_H,4615.0,39.9,53,12,329.1,192.5,true,false,false
2026-09-05T17:00:00Z,M02,OP08,SH-20260905-B,Wheel Loader,Zone_A,7938.1,31.8,43,4,323.6,131.6,true,false,false
2026-09-05T17:00:00Z,M03,OP09,SH-20260905-B,Excavator,Zone_B,11573.8,36.1,48,15,304.1,292.8,true,false,false
2026-09-05T17:00:00Z,M04,OP10,SH-20260905-B,Dozer,Zone_F,5750.1,43.8,27,24,332.4,222.6,true,true,true
2026-09-05T17:00:00Z,M05,OP11,SH-20260905-B,Articulated Truck,Zone_D,9510.5,46.4,6,8,304.4,452.8,false,false,true
2026-09-05T17:00:00Z,M06,OP12,SH-20260905-B,Motor Grader,Zone_F,3569.0,21.4,9,12,325.6,162.5,true,true,true
2026-09-05T19:00:00Z,M01,OP07,SH-20260905-B,Excavator,Zone_A,4616.9,37.6,45,4,328.2,194.4,true,true,true
2026-09-05T19:00:00Z,M02,OP08,SH-20260905-B,Wheel Loader,Zone_H,7940.0,30.9,40,9,326.5,133.5,true,false,false
2026-09-05T19:00:00Z,M03,OP09,SH-20260905-B,Excavator,Zone_A,11575.7,34.4,50,20,311.8,294.7,true,true,true
2026-09-05T19:00:00Z,M04,OP10,SH-20260905-B,Dozer,Zone_C,5752.0,45.2,23,11,327.2,224.5,true,false,false
2026-09-05T19:00:00Z,M05,OP11,SH-20260905-B,Articulated Truck,Zone_E,9512.4,40.6,4,22,308.0,454.7,true,true,true
2026-09-05T19:00:00Z,M06,OP12,SH-20260905-B,Motor Grader,Zone_E,3570.9,25.0,9,5,331.4,164.4,false,true,true
2026-09-05T21:00:00Z,M01,OP07,SH-20260905-B,Excavator,Zone_A,4618.7,31.1,54,16,331.2,196.2,true,true,true
2026-09-05T21:00:00Z,M02,OP08,SH-20260905-B,Wheel Loader,Zone_E,7941.8,20.6,26,57,324.0,135.3,true,false,false
2026-09-05T21:00:00Z,M03,OP09,SH-20260905-B,Excavator,Zone_A,11577.5,31.5,41,39,308.2,296.5,true,true,true
2026-09-05T21:00:00Z,M04,OP10,SH-20260905-B,Dozer,Zone_C,5753.9,30.1,10,74,330.5,226.4,true,false,false
2026-09-05T21:00:00Z,M05,OP11,SH-20260905-B,Articulated Truck,Zone_D,9514.3,42.5,5,31,304.5,456.6,true,false,false
2026-09-05T21:00:00Z,M06,OP12,SH-20260905-B,Motor Grader,Zone_F,3572.7,21.9,6,7,327.0,166.2,true,false,false
2026-09-06T07:00:00Z,M01,OP01,SH-20260906-A,Excavator,Zone_A,4620.6,37.7,57,10,328.8,198.1,true,true,true
2026-09-06T07:00:00Z,M02,OP02,SH-20260906-A,Wheel Loader,Zone_E,7943.7,29.1,44,8,331.3,137.2,true,false,false
2026-09-06T07:00:00Z,M03,OP03,SH-20260906-A,Excavator,Zone_A,11579.4,37.5,59,15,274.4,298.4,true,true,true
2026-09-06T07:00:00Z,M04,OP04,SH-20260906-A,Dozer,Zone_G,5755.7,34.1,17,50,333.6,228.2,true,false,false
2026-09-06T07:00:00Z,M05,OP05,SH-20260906-A,Articulated Truck,Zone_C,9516.1,45.4,6,9,307.6,458.4,true,false,false
2026-09-06T07:00:00Z,M06,OP06,SH-20260906-A,Motor Grader,Zone_H,3574.5,25.1,12,1,329.5,168.0,true,false,false
2026-09-06T09:00:00Z,M01,OP01,SH-20260906-A,Excavator,Zone_A,4622.5,31.4,51,26,326.8,200.0,true,false,false
2026-09-06T09:00:00Z,M02,OP02,SH-20260906-A,Wheel Loader,Zone_H,7945.7,30.1,42,7,326.0,139.2,true,false,false
2026-09-06T09:00:00Z,M03,OP03,SH-20260906-A,Excavator,Zone_B,11581.3,35.8,61,7,304.1,300.3,true,false,false
2026-09-06T09:00:00Z,M04,OP04,SH-20260906-A,Dozer,Zone_C,5757.7,46.7,23,2,327.7,230.2,true,false,false
2026-09-06T09:00:00Z,M05,OP05,SH-20260906-A,Articulated Truck,Zone_D,9518.0,41.5,4,20,300.9,460.3,true,false,false
2026-09-06T09:00:00Z,M06,OP06,SH-20260906-A,Motor Grader,Zone_F,3576.4,22.7,11,5,323.3,169.9,true,false,false
2026-09-06T11:00:00Z,M01,OP01,SH-20260906-A,Excavator,Zone_A,4624.4,37.2,60,1,332.6,201.9,true,false,false
2026-09-06T11:00:00Z,M02,OP02,SH-20260906-A,Wheel Loader,Zone_G,7947.6,26.2,38,20,327.6,141.1,true,true,true
2026-09-06T11:00:00Z,M03,OP03,SH-20260906-A,Excavator,Zone_B,11583.1,35.1,44,20,306.0,302.1,true,false,false
2026-09-06T11:00:00Z,M04,OP04,SH-20260906-A,Dozer,Zone_G,5759.7,44.5,23,17,328.8,232.2,true,true,true
2026-09-06T11:00:00Z,M05,OP05,SH-20260906-A,Articulated Truck,Zone_D,9519.9,45.0,6,1,299.1,462.2,true,false,false
2026-09-06T11:00:00Z,M06,OP06,SH-20260906-A,Motor Grader,Zone_H,3578.4,23.6,9,16,327.0,171.9,true,false,false
2026-09-06T13:00:00Z,M01,OP01,SH-20260906-A,Excavator,Zone_A,4626.3,26.6,36,51,333.4,203.8,false,false,true
2026-09-06T13:00:00Z,M02,OP02,SH-20260906-A,Wheel Loader,Zone_E,7949.5,19.0,15,76,324.4,143.0,true,false,false
2026-09-06T13:00:00Z,M03,OP03,SH-20260906-A,Excavator,Zone_B,11585.0,37.8,52,22,304.0,304.0,true,false,false
2026-09-06T13:00:00Z,M04,OP04,SH-20260906-A,Dozer,Zone_C,5761.6,28.8,8,78,331.4,234.1,true,false,false
2026-09-06T13:00:00Z,M05,OP05,SH-20260906-A,Articulated Truck,Zone_G,9521.7,37.0,4,46,302.8,464.0,true,false,false
2026-09-06T13:00:00Z,M06,OP06,SH-20260906-A,Motor Grader,Zone_F,3580.4,26.2,9,8,334.1,173.9,true,false,false
2026-09-06T15:00:00Z,M01,OP07,SH-20260906-B,Excavator,Zone_D,4628.2,35.0,59,15,328.3,205.7,true,false,false
2026-09-06T15:00:00Z,M02,OP08,SH-20260906-B,Wheel Loader,Zone_E,7951.3,27.1,38,14,326.7,144.8,true,true,true
2026-09-06T15:00:00Z,M03,OP09,SH-20260906-B,Excavator,Zone_B,11586.9,35.9,62,2,304.2,305.9,true,false,false
2026-09-06T15:00:00Z,M04,OP10,SH-20260906-B,Dozer,Zone_A,5763.4,41.3,23,27,330.4,235.9,true,false,false
2026-09-06T15:00:00Z,M05,OP11,SH-20260906-B,Articulated Truck,Zone_E,9523.6,49.8,7,2,309.5,465.9,true,true,true
2026-09-06T15:00:00Z,M06,OP12,SH-20260906-B,Motor Grader,Zone_F,3582.3,23.1,8,23,325.4,175.8,true,false,false
2026-09-06T17:00:00Z,M01,OP07,SH-20260906-B,Excavator,Zone_A,4630.0,30.1,60,25,329.7,207.5,true,true,true
2026-09-06T17:00:00Z,M02,OP08,SH-20260906-B,Wheel Loader,Zone_F,7953.2,28.6,34,23,318.6,146.7,true,false,false
2026-09-06T17:00:00Z,M03,OP09,SH-20260906-B,Excavator,Zone_B,11588.9,43.3,49,5,304.8,307.9,true,false,false
2026-09-06T17:00:00Z,M04,OP10,SH-20260906-B,Dozer,Zone_A,5765.3,49.6,22,1,330.2,237.8,true,true,true
2026-09-06T17:00:00Z,M05,OP11,SH-20260906-B,Articulated Truck,Zone_D,9525.6,53.1,5,6,306.7,467.9,true,false,false
2026-09-06T17:00:00Z,M06,OP12,SH-20260906-B,Motor Grader,Zone_C,3584.2,23.5,9,10,332.0,177.7,true,false,false
2026-09-06T19:00:00Z,M01,OP07,SH-20260906-B,Excavator,Zone_G,4631.9,40.7,54,4,327.3,209.4,true,false,false
2026-09-06T19:00:00Z,M02,OP08,SH-20260906-B,Wheel Loader,Zone_E,7955.2,32.2,38,5,322.5,148.7,true,true,true
2026-09-06T19:00:00Z,M03,OP09,SH-20260906-B,Excavator,Zone_H,11590.8,36.2,47,21,303.9,309.8,false,false,true
2026-09-06T19:00:00Z,M04,OP10,SH-20260906-B,Dozer,Zone_C,5767.2,46.9,28,7,329.5,239.7,true,false,false
2026-09-06T19:00:00Z,M05,OP11,SH-20260906-B,Articulated Truck,Zone_D,9527.6,46.1,4,20,298.0,469.9,true,false,false
2026-09-06T19:00:00Z,M06,OP12,SH-20260906-B,Motor Grader,Zone_E,3586.0,20.8,8,34,327.2,179.5,true,true,true
2026-09-06T21:00:00Z,M01,OP07,SH-20260906-B,Excavator,Zone_E,4633.9,26.0,26,68,331.3,211.4,true,true,true
2026-09-06T21:00:00Z,M02,OP08,SH-20260906-B,Wheel Loader,Zone_E,7957.0,26.6,39,17,320.8,150.5,true,true,true
2026-09-06T21:00:00Z,M03,OP09,SH-20260906-B,Excavator,Zone_B,11592.8,25.8,21,74,299.9,311.8,true,false,false
2026-09-06T21:00:00Z,M04,OP10,SH-20260906-B,Dozer,Zone_G,5769.0,39.3,16,37,326.3,241.5,true,false,false
2026-09-06T21:00:00Z,M05,OP11,SH-20260906-B,Articulated Truck,Zone_D,9529.4,34.1,3,42,304.4,471.7,true,false,false
2026-09-06T21:00:00Z,M06,OP12,SH-20260906-B,Motor Grader,Zone_F,3588.0,16.7,4,66,329.5,181.5,true,false,false
2026-09-07T07:00:00Z,M01,OP01,SH-20260907-A,Excavator,Zone_C,4635.7,32.8,43,13,330.4,213.2,true,true,true
2026-09-07T07:00:00Z,M02,OP02,SH-20260907-A,Wheel Loader,Zone_C,7958.8,30.4,50,1,326.7,152.3,true,true,true
2026-09-07T07:00:00Z,M03,OP03,SH-20260907-A,Excavator,Zone_B,11594.7,35.5,62,15,306.3,313.7,true,false,false
2026-09-07T07:00:00Z,M04,OP04,SH-20260907-A,Dozer,Zone_C,5771.0,46.1,22,11,330.0,243.5,true,true,true
2026-09-07T07:00:00Z,M05,OP05,SH-20260907-A,Articulated Truck,Zone_D,9531.3,44.4,5,21,300.6,473.6,true,false,false
2026-09-07T07:00:00Z,M06,OP06,SH-20260907-A,Motor Grader,Zone_F,3590.0,24.1,10,18,325.7,183.5,false,false,true
2026-09-07T09:00:00Z,M01,OP01,SH-20260907-A,Excavator,Zone_A,4637.7,38.3,57,6,326.4,215.2,true,false,false
2026-09-07T09:00:00Z,M02,OP02,SH-20260907-A,Wheel Loader,Zone_E,7960.7,29.0,33,18,325.0,154.2,true,false,false
2026-09-07T09:00:00Z,M03,OP03,SH-20260907-A,Excavator,Zone_B,11596.6,37.7,61,4,307.7,315.6,true,false,false
2026-09-07T09:00:00Z,M04,OP04,SH-20260907-A,Dozer,Zone_C,5772.8,44.1,25,11,333.4,245.3,true,false,false
2026-09-07T09:00:00Z,M05,OP05,SH-20260907-A,Articulated Truck,Zone_D,9533.2,47.4,6,17,301.8,475.5,true,false,false
2026-09-07T09:00:00Z,M06,OP06,SH-20260907-A,Motor Grader,Zone_F,3592.0,23.2,10,11,325.5,185.5,true,false,false
2026-09-07T11:00:00Z,M01,OP01,SH-20260907-A,Excavator,Zone_A,4639.6,28.9,27,50,327.9,217.1,true,false,false
2026-09-07T11:00:00Z,M02,OP02,SH-20260907-A,Wheel Loader,Zone_E,7962.7,32.9,46,3,321.6,156.2,true,false,false
2026-09-07T11:00:00Z,M03,OP03,SH-20260907-A,Excavator,Zone_B,11598.4,51.7,38,40,305.0,317.4,true,false,false
2026-09-07T11:00:00Z,M04,OP04,SH-20260907-A,Dozer,Zone_C,5774.6,44.2,21,6,333.0,247.1,true,false,false
2026-09-07T11:00:00Z,M05,OP05,SH-20260907-A,Articulated Truck,Zone_F,9535.2,49.5,5,7,305.6,477.5,true,true,true
2026-09-07T11:00:00Z,M06,OP06,SH-20260907-A,Motor Grader,Zone_F,3593.9,19.7,8,34,333.7,187.4,true,true,true
2026-09-07T13:00:00Z,M01,OP01,SH-20260907-A,Excavator,Zone_A,4641.4,30.7,49,19,328.5,218.9,true,false,false
2026-09-07T13:00:00Z,M02,OP02,SH-20260907-A,Wheel Loader,Zone_E,7964.5,29.3,38,14,318.7,158.0,true,false,false
2026-09-07T13:00:00Z,M03,OP03,SH-20260907-A,Excavator,Zone_F,11600.2,29.7,35,53,305.1,319.2,true,false,false
2026-09-07T13:00:00Z,M04,OP04,SH-20260907-A,Dozer,Zone_C,5776.5,31.3,13,50,322.5,249.0,true,false,false
2026-09-07T13:00:00Z,M05,OP05,SH-20260907-A,Articulated Truck,Zone_D,9537.0,31.4,3,55,302.9,479.3,true,true,true
2026-09-07T13:00:00Z,M06,OP06,SH-20260907-A,Motor Grader,Zone_D,3595.8,15.7,4,70,328.0,189.3,true,true,true
2026-09-07T15:00:00Z,M01,OP07,SH-20260907-B,Excavator,Zone_D,4643.3,36.7,66,9,334.5,220.8,true,true,true
2026-09-07T15:00:00Z,M02,OP08,SH-20260907-B,Wheel Loader,Zone_E,7966.4,27.2,41,26,328.8,159.9,true,false,false
2026-09-07T15:00:00Z,M03,OP09,SH-20260907-B,Excavator,Zone_B,11602.1,43.9,62,7,300.7,321.1,true,true,true
2026-09-07T15:00:00Z,M04,OP10,SH-20260907-B,Dozer,Zone_C,5778.4,42.8,28,2,328.6,250.9,true,false,false
2026-09-07T15:00:00Z,M05,OP11,SH-20260907-B,Articulated Truck,Zone_D,9538.9,45.8,5,7,304.9,481.2,true,true,true
2026-09-07T15:00:00Z,M06,OP12,SH-20260907-B,Motor Grader,Zone_B,3597.6,20.4,8,27,325.8,191.1,true,true,true
2026-09-07T17:00:00Z,M01,OP07,SH-20260907-B,Excavator,Zone_A,4645.2,37.5,56,15,328.6,222.7,true,true,true
2026-09-07T17:00:00Z,M02,OP08,SH-20260907-B,Wheel Loader,Zone_E,7968.3,26.7,37,23,321.3,161.8,true,false,false
2026-09-07T17:00:00Z,M03,OP09,SH-20260907-B,Excavator,Zone_B,11604.0,33.6,47,26,301.4,323.0,true,false,false
2026-09-07T17:00:00Z,M04,OP10,SH-20260907-B,Dozer,Zone_C,5780.2,44.6,31,6,333.5,252.7,true,false,false
2026-09-07T17:00:00Z,M05,OP11,SH-20260907-B,Articulated Truck,Zone_A,9540.8,47.3,5,14,299.3,483.1,true,true,true
2026-09-07T17:00:00Z,M06,OP12,SH-20260907-B,Motor Grader,Zone_F,3599.6,25.9,9,2,331.2,193.1,true,false,false
2026-09-07T19:00:00Z,M01,OP07,SH-20260907-B,Excavator,Zone_A,4647.1,40.2,53,4,330.4,224.6,true,false,false
2026-09-07T19:00:00Z,M02,OP08,SH-20260907-B,Wheel Loader,Zone_F,7970.2,28.8,40,6,267.3,163.7,true,true,true
2026-09-07T19:00:00Z,M03,OP09,SH-20260907-B,Excavator,Zone_B,11605.9,43.0,63,5,307.7,324.9,true,false,false
2026-09-07T19:00:00Z,M04,OP10,SH-20260907-B,Dozer,Zone_C,5782.2,51.6,26,3,330.5,254.7,true,false,false
2026-09-07T19:00:00Z,M05,OP11,SH-20260907-B,Articulated Truck,Zone_D,9542.6,43.3,5,13,299.7,484.9,true,false,false
2026-09-07T19:00:00Z,M06,OP12,SH-20260907-B,Motor Grader,Zone_F,3601.5,20.5,7,34,337.2,195.0,true,true,true
2026-09-07T21:00:00Z,M01,OP07,SH-20260907-B,Excavator,Zone_E,4648.9,24.0,32,59,328.3,226.4,true,true,true
2026-09-07T21:00:00Z,M02,OP08,SH-20260907-B,Wheel Loader,Zone_E,7972.2,27.0,35,33,321.8,165.7,true,true,true
2026-09-07T21:00:00Z,M03,OP09,SH-20260907-B,Excavator,Zone_B,11607.7,27.4,42,46,301.1,326.7,true,false,false
2026-09-07T21:00:00Z,M04,OP10,SH-20260907-B,Dozer,Zone_C,5784.1,44.3,19,18,331.7,256.6,true,false,false
2026-09-07T21:00:00Z,M05,OP11,SH-20260907-B,Articulated Truck,Zone_D,9544.6,39.7,3,40,299.5,486.9,true,false,false
2026-09-07T21:00:00Z,M06,OP12,SH-20260907-B,Motor Grader,Zone_E,3603.3,14.7,5,71,324.1,196.8,true,true,true
2026-09-08T07:00:00Z,M01,OP01,SH-20260908-A,Excavator,Zone_A,4650.8,36.6,60,14,328.9,228.3,true,false,false
2026-09-08T07:00:00Z,M02,OP02,SH-20260908-A,Wheel Loader,Zone_E,7974.1,28.7,50,4,325.2,167.6,true,false,false
2026-09-08T07:00:00Z,M03,OP03,SH-20260908-A,Excavator,Zone_B,11609.5,37.3,53,2,304.5,328.5,true,false,false
2026-09-08T07:00:00Z,M04,OP04,SH-20260908-A,Dozer,Zone_G,5786.1,47.5,27,2,334.4,258.6,true,false,false
2026-09-08T07:00:00Z,M05,OP05,SH-20260908-A,Articulated Truck,Zone_D,9546.5,42.3,5,19,304.9,488.8,true,false,false
2026-09-08T07:00:00Z,M06,OP06,SH-20260908-A,Motor Grader,Zone_F,3605.1,25.2,10,3,328.6,198.6,true,false,false
2026-09-08T09:00:00Z,M01,OP01,SH-20260908-A,Excavator,Zone_A,4652.8,39.0,58,6,324.8,230.3,true,false,false
2026-09-08T09:00:00Z,M02,OP02,SH-20260908-A,Wheel Loader,Zone_E,7975.9,27.2,36,13,323.6,169.4,true,false,false
2026-09-08T09:00:00Z,M03,OP03,SH-20260908-A,Excavator,Zone_B,11611.5,38.3,54,1,306.4,330.5,true,false,false
2026-09-08T09:00:00Z,M04,OP04,SH-20260908-A,Dozer,Zone_C,5788.0,39.2,23,24,332.8,260.5,true,false,false
2026-09-08T09:00:00Z,M05,OP05,SH-20260908-A,Articulated Truck,Zone_D,9548.5,96.4,6,7,299.7,490.8,true,false,false
2026-09-08T09:00:00Z,M06,OP06,SH-20260908-A,Motor Grader,Zone_H,3606.9,22.1,9,20,329.5,200.4,true,false,false
2026-09-08T11:00:00Z,M01,OP01,SH-20260908-A,Excavator,Zone_G,4654.7,36.3,50,11,329.9,232.2,true,false,false
2026-09-08T11:00:00Z,M02,OP02,SH-20260908-A,Wheel Loader,Zone_A,7977.8,24.6,29,44,324.6,171.3,true,false,false
2026-09-08T11:00:00Z,M03,OP03,SH-20260908-A,Excavator,Zone_B,11613.4,33.6,43,31,303.6,332.4,true,false,false
2026-09-08T11:00:00Z,M04,OP04,SH-20260908-A,Dozer,Zone_C,5789.8,30.5,14,52,332.1,262.3,true,false,false
2026-09-08T11:00:00Z,M05,OP05,SH-20260908-A,Articulated Truck,Zone_D,9550.5,47.2,4,14,298.9,492.8,true,false,false
2026-09-08T11:00:00Z,M06,OP06,SH-20260908-A,Motor Grader,Zone_F,3608.8,23.1,10,10,328.6,202.3,true,false,false
2026-09-08T13:00:00Z,M01,OP01,SH-20260908-A,Excavator,Zone_A,4656.6,36.2,56,8,322.9,234.1,true,false,false
2026-09-08T13:00:00Z,M02,OP02,SH-20260908-A,Wheel Loader,Zone_E,7979.6,27.0,40,12,329.3,173.1,true,true,true
2026-09-08T13:00:00Z,M03,OP03,SH-20260908-A,Excavator,Zone_B,11615.3,31.1,35,39,298.1,334.3,true,false,false
2026-09-08T13:00:00Z,M04,OP04,SH-20260908-A,Dozer,Zone_H,5791.7,45.0,27,7,332.2,264.2,true,false,false
2026-09-08T13:00:00Z,M05,OP05,SH-20260908-A,Articulated Truck,Zone_D,9552.4,29.0,2,62,301.1,494.7,true,false,false
2026-09-08T13:00:00Z,M06,OP06,SH-20260908-A,Motor Grader,Zone_E,3610.6,16.1,4,69,328.3,204.1,true,true,true
2026-09-08T15:00:00Z,M01,OP07,SH-20260908-B,Excavator,Zone_B,4658.5,39.7,58,13,328.9,236.0,true,true,true
2026-09-08T15:00:00Z,M02,OP08,SH-20260908-B,Wheel Loader,Zone_E,7981.5,28.6,49,15,323.9,175.0,true,false,false
2026-09-08T15:00:00Z,M03,OP09,SH-20260908-B,Excavator,Zone_B,11617.2,38.1,46,21,301.8,336.2,true,true,true
2026-09-08T15:00:00Z,M04,OP10,SH-20260908-B,Dozer,Zone_H,5793.6,44.6,19,17,327.1,266.1,true,false,false
2026-09-08T15:00:00Z,M05,OP11,SH-20260908-B,Articulated Truck,Zone_D,9554.4,56.4,7,3,302.6,496.7,true,false,false
2026-09-08T15:00:00Z,M06,OP12,SH-20260908-B,Motor Grader,Zone_F,3612.5,23.4,6,21,324.0,206.0,true,false,false
2026-09-08T17:00:00Z,M01,OP07,SH-20260908-B,Excavator,Zone_G,4660.3,34.7,57,19,331.2,237.8,true,true,true
2026-09-08T17:00:00Z,M02,OP08,SH-20260908-B,Wheel Loader,Zone_E,7983.5,33.0,51,3,322.7,177.0,true,true,true
2026-09-08T17:00:00Z,M03,OP09,SH-20260908-B,Excavator,Zone_B,11619.0,36.9,45,15,306.9,338.0,true,false,false
2026-09-08T17:00:00Z,M04,OP10,SH-20260908-B,Dozer,Zone_E,5795.5,41.5,20,15,331.2,268.0,true,true,true
2026-09-08T17:00:00Z,M05,OP11,SH-20260908-B,Articulated Truck,Zone_D,9556.3,47.2,5,14,301.1,498.6,true,false,false
2026-09-08T17:00:00Z,M06,OP12,SH-20260908-B,Motor Grader,Zone_G,3614.5,21.2,8,28,323.9,208.0,true,true,true
2026-09-08T19:00:00Z,M01,OP07,SH-20260908-B,Excavator,Zone_C,4662.3,42.3,53,3,326.2,239.8,true,true,true
2026-09-08T19:00:00Z,M02,OP08,SH-20260908-B,Wheel Loader,Zone_E,7985.4,22.0,28,51,326.7,178.9,true,true,true
2026-09-08T19:00:00Z,M03,OP09,SH-20260908-B,Excavator,Zone_B,11621.0,42.6,50,8,304.0,340.0,true,false,false
2026-09-08T19:00:00Z,M04,OP10,SH-20260908-B,Dozer,Zone_C,5797.4,32.9,15,52,331.8,269.9,true,true,true
2026-09-08T19:00:00Z,M05,OP11,SH-20260908-B,Articulated Truck,Zone_E,9558.3,50.1,6,10,295.3,500.6,true,true,true
2026-09-08T19:00:00Z,M06,OP12,SH-20260908-B,Motor Grader,Zone_F,3616.5,24.2,6,34,328.8,210.0,true,false,false
2026-09-08T21:00:00Z,M01,OP07,SH-20260908-B,Excavator,Zone_A,4664.1,20.2,25,82,328.5,241.6,true,false,false
2026-09-08T21:00:00Z,M02,OP08,SH-20260908-B,Wheel Loader,Zone_E,7987.4,18.0,11,91,319.3,180.9,true,false,false
2026-09-08T21:00:00Z,M03,OP09,SH-20260908-B,Excavator,Zone_B,11622.9,36.8,40,16,300.9,341.9,true,false,false
2026-09-08T21:00:00Z,M04,OP10,SH-20260908-B,Dozer,Zone_H,5799.4,33.0,14,60,327.7,271.9,true,true,true
2026-09-08T21:00:00Z,M05,OP11,SH-20260908-B,Articulated Truck,Zone_D,9560.1,29.1,3,66,304.5,502.4,true,false,false
2026-09-08T21:00:00Z,M06,OP12,SH-20260908-B,Motor Grader,Zone_H,3618.3,23.9,9,3,332.8,211.8,true,true,true
2026-09-09T07:00:00Z,M01,OP01,SH-20260909-A,Excavator,Zone_A,4666.1,36.2,52,25,331.4,243.6,true,false,false
2026-09-09T07:00:00Z,M02,OP02,SH-20260909-A,Wheel Loader,Zone_E,7989.3,25.9,34,33,323.4,182.8,true,true,true
2026-09-09T07:00:00Z,M03,OP03,SH-20260909-A,Excavator,Zone_B,11624.8,39.3,58,10,297.3,343.8,true,true,true
2026-09-09T07:00:00Z,M04,OP04,SH-20260909-A,Dozer,Zone_B,5801.4,50.4,22,4,327.5,273.9,true,true,true
2026-09-09T07:00:00Z,M05,OP05,SH-20260909-A,Articulated Truck,Zone_D,9561.9,49.5,6,12,302.1,504.2,true,false,false
2026-09-09T07:00:00Z,M06,OP06,SH-20260909-A,Motor Grader,Zone_E,3620.3,23.4,7,24,325.7,213.8,true,true,true
2026-09-09T09:00:00Z,M01,OP01,SH-20260909-A,Excavator,Zone_B,4668.1,39.2,52,15,326.6,245.6,true,true,true
2026-09-09T09:00:00Z,M02,OP02,SH-20260909-A,Wheel Loader,Zone_E,7991.2,31.0,43,11,320.8,184.7,true,true,true
2026-09-09T09:00:00Z,M03,OP03,SH-20260909-A,Excavator,Zone_B,11626.6,37.5,52,19,302.0,345.6,true,true,true
2026-09-09T09:00:00Z,M04,OP04,SH-20260909-A,Dozer,Zone_C,5803.3,44.5,20,16,328.4,275.8,true,false,false
2026-09-09T09:00:00Z,M05,OP05,SH-20260909-A,Articulated Truck,Zone_D,9563.8,50.5,8,2,295.6,506.1,true,false,false
2026-09-09T09:00:00Z,M06,OP06,SH-20260909-A,Motor Grader,Zone_E,3622.2,22.2,9,24,325.9,215.7,true,true,true
2026-09-09T11:00:00Z,M01,OP01,SH-20260909-A,Excavator,Zone_A,4670.0,37.8,55,13,325.7,247.5,true,false,false
2026-09-09T11:00:00Z,M02,OP02,SH-20260909-A,Wheel Loader,Zone_F,7993.2,27.9,40,19,322.0,186.7,true,true,true
2026-09-09T11:00:00Z,M03,OP03,SH-20260909-A,Excavator,Zone_B,11628.5,35.6,49,9,303.3,347.5,true,false,false
2026-09-09T11:00:00Z,M04,OP04,SH-20260909-A,Dozer,Zone_D,5805.2,34.0,17,53,328.0,277.7,true,true,true
2026-09-09T11:00:00Z,M05,OP05,SH-20260909-A,Articulated Truck,Zone_D,9565.8,50.3,5,4,300.4,508.1,true,true,true
2026-09-09T11:00:00Z,M06,OP06,SH-20260909-A,Motor Grader,Zone_F,3624.1,24.5,9,11,328.9,217.6,true,true,true
2026-09-09T13:00:00Z,M01,OP01,SH-20260909-A,Excavator,Zone_C,4671.9,36.7,62,10,331.7,249.4,true,true,true
2026-09-09T13:00:00Z,M02,OP02,SH-20260909-A,Wheel Loader,Zone_E,7995.1,20.5,20,58,324.0,188.6,true,false,false
2026-09-09T13:00:00Z,M03,OP03,SH-20260909-A,Excavator,Zone_B,11630.4,26.7,28,64,301.6,349.4,true,false,false
2026-09-09T13:00:00Z,M04,OP04,SH-20260909-A,Dozer,Zone_C,5807.1,49.5,23,20,329.1,279.6,true,true,true
2026-09-09T13:00:00Z,M05,OP05,SH-20260909-A,Articulated Truck,Zone_D,9567.7,32.5,3,56,294.9,510.0,true,false,false
2026-09-09T13:00:00Z,M06,OP06,SH-20260909-A,Motor Grader,Zone_F,3625.9,13.1,4,80,322.6,219.4,true,false,false
2026-09-09T15:00:00Z,M01,OP07,SH-20260909-B,Excavator,Zone_A,4673.9,37.9,61,4,323.3,251.4,true,false,false
2026-09-09T15:00:00Z,M02,OP08,SH-20260909-B,Wheel Loader,Zone_E,7997.1,34.2,39,7,324.2,190.6,true,false,false
2026-09-09T15:00:00Z,M03,OP09,SH-20260909-B,Excavator,Zone_B,11632.4,37.4,50,5,297.6,351.4,true,false,false
2026-09-09T15:00:00Z,M04,OP10,SH-20260909-B,Dozer,Zone_C,5808.9,46.3,19,6,331.3,281.4,true,false,false
2026-09-09T15:00:00Z,M05,OP11,SH-20260909-B,Articulated Truck,Zone_D,9569.6,51.9,7,4,295.9,511.9,true,false,false
2026-09-09T15:00:00Z,M06,OP12,SH-20260909-B,Motor Grader,Zone_F,3627.9,26.6,10,8,328.3,221.4,true,false,false
2026-09-09T17:00:00Z,M01,OP07,SH-20260909-B,Excavator,Zone_A,4675.8,32.9,46,19,322.7,253.3,true,false,false
2026-09-09T17:00:00Z,M02,OP08,SH-20260909-B,Wheel Loader,Zone_E,7998.9,28.6,40,13,326.8,192.4,true,false,false
2026-09-09T17:00:00Z,M03,OP09,SH-20260909-B,Excavator,Zone_B,11634.4,40.8,63,12,305.4,353.4,true,false,false
2026-09-09T17:00:00Z,M04,OP10,SH-20260909-B,Dozer,Zone_D,5810.7,35.8,12,42,328.1,283.2,true,true,true
2026-09-09T17:00:00Z,M05,OP11,SH-20260909-B,Articulated Truck,Zone_D,9571.5,42.3,5,24,301.9,513.8,true,true,true
2026-09-09T17:00:00Z,M06,OP12,SH-20260909-B,Motor Grader,Zone_F,3629.8,27.7,9,2,328.4,223.3,true,false,false
2026-09-09T19:00:00Z,M01,OP07,SH-20260909-B,Excavator,Zone_A,4677.7,30.7,34,38,326.1,255.2,true,false,false
2026-09-09T19:00:00Z,M02,OP08,SH-20260909-B,Wheel Loader,Zone_E,8000.8,30.6,40,4,320.0,194.3,true,true,true
2026-09-09T19:00:00Z,M03,OP09,SH-20260909-B,Excavator,Zone_H,11636.2,39.2,74,3,304.3,355.2,true,false,false
2026-09-09T19:00:00Z,M04,OP10,SH-20260909-B,Dozer,Zone_D,5812.6,44.6,25,22,330.1,285.1,true,true,true
2026-09-09T19:00:00Z,M05,OP11,SH-20260909-B,Articulated Truck,Zone_D,9573.3,40.8,5,12,296.2,515.6,true,true,true
2026-09-09T19:00:00Z,M06,OP12,SH-20260909-B,Motor Grader,Zone_E,3631.6,24.8,9,3,329.4,225.1,true,true,true
2026-09-09T21:00:00Z,M01,OP07,SH-20260909-B,Excavator,Zone_B,4679.6,27.4,26,56,326.4,257.1,true,true,true
2026-09-09T21:00:00Z,M02,OP08,SH-20260909-B,Wheel Loader,Zone_E,8002.8,21.5,18,68,322.8,196.3,true,false,false
2026-09-09T21:00:00Z,M03,OP09,SH-20260909-B,Excavator,Zone_B,11638.1,26.6,28,66,303.2,357.1,true,true,true
2026-09-09T21:00:00Z,M04,OP10,SH-20260909-B,Dozer,Zone_C,5814.5,37.5,12,43,329.0,287.0,true,false,false
2026-09-09T21:00:00Z,M05,OP11,SH-20260909-B,Articulated Truck,Zone_G,9575.2,47.5,5,5,298.7,517.5,true,false,false
2026-09-09T21:00:00Z,M06,OP12,SH-20260909-B,Motor Grader,Zone_F,3633.4,15.8,5,55,325.1,226.9,true,false,false
2026-09-10T07:00:00Z,M01,OP01,SH-20260910-A,Excavator,Zone_A,4681.5,37.8,55,15,328.5,259.0,true,true,true
2026-09-10T07:00:00Z,M02,OP02,SH-20260910-A,Wheel Loader,Zone_A,8004.8,24.4,38,32,325.4,198.3,true,true,true
2026-09-10T07:00:00Z,M03,OP03,SH-20260910-A,Excavator,Zone_B,11640.1,41.1,65,6,298.8,359.1,true,true,true
2026-09-10T07:00:00Z,M04,OP04,SH-20260910-A,Dozer,Zone_C,5816.4,46.2,21,17,330.3,288.9,true,false,false
2026-09-10T07:00:00Z,M05,OP05,SH-20260910-A,Articulated Truck,Zone_D,9577.0,32.0,4,20,327.0,1.8,true,false,false
2026-09-10T07:00:00Z,M06,OP06,SH-20260910-A,Motor Grader,Zone_B,3635.4,25.8,9,13,337.9,228.9,true,true,true
2026-09-10T09:00:00Z,M01,OP01,SH-20260910-A,Excavator,Zone_A,4683.4,39.9,53,2,331.1,260.9,true,false,false
2026-09-10T09:00:00Z,M02,OP02,SH-20260910-A,Wheel Loader,Zone_D,8006.6,25.1,40,21,319.0,200.1,true,false,false
2026-09-10T09:00:00Z,M03,OP03,SH-20260910-A,Excavator,Zone_E,11641.9,40.6,62,4,302.6,360.9,true,false,false
2026-09-10T09:00:00Z,M04,OP04,SH-20260910-A,Dozer,Zone_H,5818.2,40.1,21,7,330.2,290.7,false,true,true
2026-09-10T09:00:00Z,M05,OP05,SH-20260910-A,Articulated Truck,Zone_H,9578.9,35.4,5,10,327.0,3.7,true,true,true
2026-09-10T09:00:00Z,M06,OP06,SH-20260910-A,Motor Grader,Zone_F,3637.4,21.9,6,24,328.4,230.9,true,false,false
2026-09-10T11:00:00Z,M01,OP01,SH-20260910-A,Excavator,Zone_E,4685.3,35.7,54,25,326.8,262.8,true,true,true
2026-09-10T11:00:00Z,M02,OP02,SH-20260910-A,Wheel Loader,Zone_E,8008.4,29.5,50,9,326.6,201.9,true,true,true
2026-09-10T11:00:00Z,M03,OP03,SH-20260910-A,Excavator,Zone_B,11643.8,36.0,57,28,302.2,362.8,true,false,false
2026-09-10T11:00:00Z,M04,OP04,SH-20260910-A,Dozer,Zone_H,5820.2,45.8,20,23,329.8,292.7,true,false,false
2026-09-10T11:00:00Z,M05,OP05,SH-20260910-A,Articulated Truck,Zone_D,9580.8,33.4,5,25,323.5,5.6,true,false,false
2026-09-10T11:00:00Z,M06,OP06,SH-20260910-A,Motor Grader,Zone_F,3639.4,25.3,11,7,322.0,232.9,true,false,false
2026-09-10T13:00:00Z,M01,OP01,SH-20260910-A,Excavator,Zone_A,4687.2,25.3,22,72,325.3,264.7,true,false,false
2026-09-10T13:00:00Z,M02,OP02,SH-20260910-A,Wheel Loader,Zone_E,8010.4,27.7,39,36,319.7,203.9,true,false,false
2026-09-10T13:00:00Z,M03,OP03,SH-20260910-A,Excavator,Zone_B,11645.7,28.4,43,41,305.0,364.7,true,false,false
2026-09-10T13:00:00Z,M04,OP04,SH-20260910-A,Dozer,Zone_C,5822.1,34.3,11,53,330.3,294.6,true,false,false
2026-09-10T13:00:00Z,M05,OP05,SH-20260910-A,Articulated Truck,Zone_D,9582.8,38.1,6,6,325.1,7.6,true,false,false
2026-09-10T13:00:00Z,M06,OP06,SH-20260910-A,Motor Grader,Zone_F,3641.2,11.6,3,86,328.5,234.7,true,false,false
2026-09-10T15:00:00Z,M01,OP07,SH-20260910-B,Excavator,Zone_A,4689.2,38.5,49,10,328.5,266.7,true,true,true
2026-09-10T15:00:00Z,M02,OP08,SH-20260910-B,Wheel Loader,Zone_A,8012.4,33.4,43,11,321.5,205.9,true,true,true
2026-09-10T15:00:00Z,M03,OP09,SH-20260910-B,Excavator,Zone_C,11647.5,35.5,47,20,298.1,366.5,true,false,false
2026-09-10T15:00:00Z,M04,OP10,SH-20260910-B,Dozer,Zone_E,5824.0,47.6,21,9,327.4,296.5,true,false,false
2026-09-10T15:00:00Z,M05,OP11,SH-20260910-B,Articulated Truck,Zone_D,9584.7,34.6,6,11,322.4,9.5,true,false,false
2026-09-10T15:00:00Z,M06,OP12,SH-20260910-B,Motor Grader,Zone_F,3643.2,22.7,10,13,325.7,236.7,true,false,false
2026-09-10T17:00:00Z,M01,OP07,SH-20260910-B,Excavator,Zone_D,4691.2,45.0,65,2,323.2,268.7,true,true,true
2026-09-10T17:00:00Z,M02,OP08,SH-20260910-B,Wheel Loader,Zone_E,8014.4,26.6,35,34,324.2,207.9,true,false,false
2026-09-10T17:00:00Z,M03,OP09,SH-20260910-B,Excavator,Zone_D,11649.3,31.7,4,107,304.4,368.3,true,true,true
2026-09-10T17:00:00Z,M04,OP10,SH-20260910-B,Dozer,Zone_C,5825.9,50.3,23,10,327.0,298.4,true,false,false
2026-09-10T17:00:00Z,M05,OP11,SH-20260910-B,Articulated Truck,Zone_D,9586.5,37.2,5,2,325.0,11.3,true,true,true
2026-09-10T17:00:00Z,M06,OP12,SH-20260910-B,Motor Grader,Zone_G,3645.1,25.1,7,13,330.9,238.6,true,false,false
2026-09-10T19:00:00Z,M01,OP07,SH-20260910-B,Excavator,Zone_A,4693.1,40.3,62,2,321.6,270.6,true,false,false
2026-09-10T19:00:00Z,M02,OP08,SH-20260910-B,Wheel Loader,Zone_E,8016.2,29.6,38,4,316.3,209.7,true,false,false
2026-09-10T19:00:00Z,M03,OP09,SH-20260910-B,Excavator,Zone_B,11651.3,38.8,58,10,299.6,370.3,true,false,false
2026-09-10T19:00:00Z,M04,OP10,SH-20260910-B,Dozer,Zone_C,5827.8,48.7,21,12,328.8,300.3,true,false,false
2026-09-10T19:00:00Z,M05,OP11,SH-20260910-B,Articulated Truck,Zone_D,9588.5,42.8,6,5,323.1,13.3,true,false,false
2026-09-10T19:00:00Z,M06,OP12,SH-20260910-B,Motor Grader,Zone_G,3646.9,23.4,9,13,327.3,240.4,true,false,false
2026-09-10T21:00:00Z,M01,OP07,SH-20260910-B,Excavator,Zone_A,4695.1,22.6,17,81,323.8,272.6,true,false,false
2026-09-10T21:00:00Z,M02,OP08,SH-20260910-B,Wheel Loader,Zone_E,8018.0,23.8,23,47,318.2,211.5,true,false,false
2026-09-10T21:00:00Z,M03,OP09,SH-20260910-B,Excavator,Zone_B,11653.2,32.1,39,41,302.0,372.2,true,false,false
2026-09-10T21:00:00Z,M04,OP10,SH-20260910-B,Dozer,Zone_C,5829.8,46.9,24,9,323.7,302.3,true,false,false
2026-09-10T21:00:00Z,M05,OP11,SH-20260910-B,Articulated Truck,Zone_D,9590.4,28.2,3,58,323.1,15.2,true,false,false
2026-09-10T21:00:00Z,M06,OP12,SH-20260910-B,Motor Grader,Zone_F,3648.9,20.2,7,41,328.3,242.4,true,false,false
2026-09-11T07:00:00Z,M01,OP01,SH-20260911-A,Excavator,Zone_A,4696.9,36.8,53,15,318.4,274.4,true,false,false
2026-09-11T07:00:00Z,M02,OP02,SH-20260911-A,Wheel Loader,Zone_B,8019.9,30.4,42,13,327.5,213.4,true,true,true
2026-09-11T07:00:00Z,M03,OP03,SH-20260911-A,Excavator,Zone_B,11655.1,37.8,55,16,301.0,374.1,true,true,true
2026-09-11T07:00:00Z,M04,OP04,SH-20260911-A,Dozer,Zone_G,5831.8,48.9,23,14,333.8,304.3,true,false,false
2026-09-11T07:00:00Z,M05,OP05,SH-20260911-A,Articulated Truck,Zone_D,9592.3,35.1,6,17,327.5,17.1,true,false,false
2026-09-11T07:00:00Z,M06,OP06,SH-20260911-A,Motor Grader,Zone_F,3650.8,27.0,12,2,326.8,244.3,true,false,false
2026-09-11T09:00:00Z,M01,OP01,SH-20260911-A,Excavator,Zone_A,4698.7,34.8,59,17,325.4,276.2,true,false,false
2026-09-11T09:00:00Z,M02,OP02,SH-20260911-A,Wheel Loader,Zone_E,8021.9,29.5,46,15,323.2,215.4,true,false,false
2026-09-11T09:00:00Z,M03,OP03,SH-20260911-A,Excavator,Zone_F,11657.0,43.7,37,7,298.3,376.0,true,true,true
2026-09-11T09:00:00Z,M04,OP04,SH-20260911-A,Dozer,Zone_C,5833.8,53.9,24,10,331.4,306.3,true,false,false
2026-09-11T09:00:00Z,M05,OP05,SH-20260911-A,Articulated Truck,Zone_D,9594.2,35.9,6,2,322.4,19.0,true,false,false
2026-09-11T09:00:00Z,M06,OP06,SH-20260911-A,Motor Grader,Zone_F,3652.7,26.4,9,6,325.5,246.2,true,true,true
2026-09-11T11:00:00Z,M01,OP01,SH-20260911-A,Excavator,Zone_A,4700.6,38.9,53,8,329.4,278.1,false,false,true
2026-09-11T11:00:00Z,M02,OP02,SH-20260911-A,Wheel Loader,Zone_E,8023.9,28.7,38,26,317.7,217.4,true,false,false
2026-09-11T11:00:00Z,M03,OP03,SH-20260911-A,Excavator,Zone_B,11658.9,33.8,47,32,292.1,377.9,true,false,false
2026-09-11T11:00:00Z,M04,OP04,SH-20260911-A,Dozer,Zone_C,5835.7,46.1,20,26,325.5,308.2,true,false,false
2026-09-11T11:00:00Z,M05,OP05,SH-20260911-A,Articulated Truck,Zone_D,9596.1,40.1,6,2,323.2,20.9,true,true,true
2026-09-11T11:00:00Z,M06,OP06,SH-20260911-A,Motor Grader,Zone_D,3654.5,24.5,9,9,327.3,248.0,true,true,true
2026-09-11T13:00:00Z,M01,OP01,SH-20260911-A,Excavator,Zone_A,4702.5,31.3,36,43,328.1,280.0,true,false,false
2026-09-11T13:00:00Z,M02,OP02,SH-20260911-A,Wheel Loader,Zone_E,8025.8,23.8,18,50,323.4,219.3,true,false,false
2026-09-11T13:00:00Z,M03,OP03,SH-20260911-A,Excavator,Zone_B,11660.8,31.1,34,50,296.4,379.8,true,false,false
2026-09-11T13:00:00Z,M04,OP04,SH-20260911-A,Dozer,Zone_C,5837.6,48.8,23,10,331.5,310.1,true,false,false
2026-09-11T13:00:00Z,M05,OP05,SH-20260911-A,Articulated Truck,Zone_D,9597.9,23.3,3,59,327.1,22.7,true,false,false
2026-09-11T13:00:00Z,M06,OP06,SH-20260911-A,Motor Grader,Zone_F,3656.4,14.7,4,82,325.4,249.9,true,false,false
2026-09-11T15:00:00Z,M01,OP07,SH-20260911-B,Excavator,Zone_C,4704.4,38.0,47,13,330.0,281.9,true,true,true
2026-09-11T15:00:00Z,M02,OP08,SH-20260911-B,Wheel Loader,Zone_E,8027.7,31.8,49,0,324.4,221.2,true,false,false
2026-09-11T15:00:00Z,M03,OP09,SH-20260911-B,Excavator,Zone_H,11662.6,38.8,57,8,296.9,381.6,true,false,false
2026-09-11T15:00:00Z,M04,OP10,SH-20260911-B,Dozer,Zone_C,5839.5,48.9,28,2,331.0,312.0,true,true,true
2026-09-11T15:00:00Z,M05,OP11,SH-20260911-B,Articulated Truck,Zone_D,9599.8,38.1,6,7,324.8,24.6,true,false,false
2026-09-11T15:00:00Z,M06,OP12,SH-20260911-B,Motor Grader,Zone_F,3658.3,25.5,9,6,327.0,251.8,true,false,false
2026-09-11T17:00:00Z,M01,OP07,SH-20260911-B,Excavator,Zone_A,4706.3,30.6,41,33,328.1,283.8,true,false,false
2026-09-11T17:00:00Z,M02,OP08,SH-20260911-B,Wheel Loader,Zone_E,8029.5,31.6,33,6,321.7,223.0,true,true,true
2026-09-11T17:00:00Z,M03,OP09,SH-20260911-B,Excavator,Zone_B,11664.6,41.6,68,2,293.3,383.6,true,false,false
2026-09-11T17:00:00Z,M04,OP10,SH-20260911-B,Dozer,Zone_E,5841.5,53.6,26,4,331.3,314.0,true,true,true
2026-09-11T17:00:00Z,M05,OP11,SH-20260911-B,Articulated Truck,Zone_F,9601.6,33.6,5,2,328.3,26.4,true,false,false
2026-09-11T17:00:00Z,M06,OP12,SH-20260911-B,Motor Grader,Zone_C,3660.2,24.1,8,16,324.6,253.7,false,false,true
2026-09-11T19:00:00Z,M01,OP07,SH-20260911-B,Excavator,Zone_A,4708.2,41.2,62,3,325.0,285.7,true,false,false
2026-09-11T19:00:00Z,M02,OP08,SH-20260911-B,Wheel Loader,Zone_G,8031.3,24.9,34,32,323.7,224.8,true,false,false
2026-09-11T19:00:00Z,M03,OP09,SH-20260911-B,Excavator,Zone_B,11666.6,44.5,66,5,298.9,385.6,true,false,false
2026-09-11T19:00:00Z,M04,OP10,SH-20260911-B,Dozer,Zone_C,5843.3,45.9,20,11,332.4,315.8,false,false,true
2026-09-11T19:00:00Z,M05,OP11,SH-20260911-B,Articulated Truck,Zone_D,9603.6,36.4,6,4,324.9,28.4,true,false,false
2026-09-11T19:00:00Z,M06,OP12,SH-20260911-B,Motor Grader,Zone_F,3662.1,25.0,9,21,328.1,255.6,true,false,false
2026-09-11T21:00:00Z,M01,OP07,SH-20260911-B,Excavator,Zone_A,4710.0,26.3,41,45,327.0,287.5,true,false,false
2026-09-11T21:00:00Z,M02,OP08,SH-20260911-B,Wheel Loader,Zone_E,8033.3,33.0,42,9,326.5,226.8,true,true,true
2026-09-11T21:00:00Z,M03,OP09,SH-20260911-B,Excavator,Zone_B,11668.5,33.3,53,21,299.2,387.5,true,false,false
2026-09-11T21:00:00Z,M04,OP10,SH-20260911-B,Dozer,Zone_C,5845.3,47.9,23,6,327.4,317.8,true,false,false
2026-09-11T21:00:00Z,M05,OP11,SH-20260911-B,Articulated Truck,Zone_D,9605.5,38.3,1,112,324.9,30.3,true,false,false
2026-09-11T21:00:00Z,M06,OP12,SH-20260911-B,Motor Grader,Zone_E,3664.0,17.2,5,61,328.0,257.5,true,true,true
2026-09-12T07:00:00Z,M01,OP01,SH-20260912-A,Excavator,Zone_E,4712.0,40.6,53,14,325.2,289.5,true,true,true
2026-09-12T07:00:00Z,M02,OP02,SH-20260912-A,Wheel Loader,Zone_E,8035.2,31.0,37,12,317.3,228.7,true,true,true
2026-09-12T07:00:00Z,M03,OP03,SH-20260912-A,Excavator,Zone_C,11670.4,33.8,43,29,297.6,389.4,true,true,true
2026-09-12T07:00:00Z,M04,OP04,SH-20260912-A,Dozer,Zone_C,5847.1,39.4,23,7,327.3,319.6,true,true,true
2026-09-12T07:00:00Z,M05,OP05,SH-20260912-A,Articulated Truck,Zone_D,9607.4,36.8,4,18,324.2,32.2,true,false,false
2026-09-12T07:00:00Z,M06,OP06,SH-20260912-A,Motor Grader,Zone_B,3665.8,21.5,7,10,328.2,259.3,true,false,false
2026-09-12T09:00:00Z,M01,OP01,SH-20260912-A,Excavator,Zone_A,4713.9,37.8,46,20,326.6,291.4,true,true,true
2026-09-12T09:00:00Z,M02,OP02,SH-20260912-A,Wheel Loader,Zone_E,8037.1,31.8,36,11,319.1,230.6,true,false,false
2026-09-12T09:00:00Z,M03,OP03,SH-20260912-A,Excavator,Zone_A,11672.3,37.1,50,19,302.4,391.3,true,true,true
2026-09-12T09:00:00Z,M04,OP04,SH-20260912-A,Dozer,Zone_C,5848.9,42.3,20,14,331.1,321.4,true,true,true
2026-09-12T09:00:00Z,M05,OP05,SH-20260912-A,Articulated Truck,Zone_C,9609.2,29.7,6,24,322.1,34.0,true,true,true
2026-09-12T09:00:00Z,M06,OP06,SH-20260912-A,Motor Grader,Zone_F,3667.8,25.3,8,8,334.0,261.3,true,false,false
2026-09-12T11:00:00Z,M01,OP01,SH-20260912-A,Excavator,Zone_A,4715.9,35.5,45,27,328.8,293.4,true,false,false
2026-09-12T11:00:00Z,M02,OP02,SH-20260912-A,Wheel Loader,Zone_E,8039.0,24.4,25,51,323.9,232.5,true,false,false
2026-09-12T11:00:00Z,M03,OP03,SH-20260912-A,Excavator,Zone_B,11674.2,41.1,64,9,303.0,393.2,true,false,false
2026-09-12T11:00:00Z,M04,OP04,SH-20260912-A,Dozer,Zone_C,5850.7,47.5,26,3,327.6,323.2,true,true,true
2026-09-12T11:00:00Z,M05,OP05,SH-20260912-A,Articulated Truck,Zone_D,9611.1,29.4,4,46,319.2,35.9,true,false,false
2026-09-12T11:00:00Z,M06,OP06,SH-20260912-A,Motor Grader,Zone_C,3669.6,22.6,8,10,329.0,263.1,true,true,true
2026-09-12T13:00:00Z,M01,OP01,SH-20260912-A,Excavator,Zone_A,4717.9,28.1,24,58,323.4,295.4,true,false,false
2026-09-12T13:00:00Z,M02,OP02,SH-20260912-A,Wheel Loader,Zone_E,8040.9,31.0,53,7,328.3,234.4,true,false,false
2026-09-12T13:00:00Z,M03,OP03,SH-20260912-A,Excavator,Zone_B,11676.1,28.3,34,54,307.4,395.1,true,false,false
2026-09-12T13:00:00Z,M04,OP04,SH-20260912-A,Dozer,Zone_C,5852.6,35.2,14,57,330.0,325.1,true,true,true
2026-09-12T13:00:00Z,M05,OP05,SH-20260912-A,Articulated Truck,Zone_D,9612.9,25.9,3,52,324.9,37.7,true,false,false
2026-09-12T13:00:00Z,M06,OP06,SH-20260912-A,Motor Grader,Zone_C,3671.5,19.8,6,49,323.0,265.0,true,true,true
2026-09-12T15:00:00Z,M01,OP07,SH-20260912-B,Excavator,Zone_G,4719.8,40.4,64,5,328.7,297.3,true,false,false
2026-09-12T15:00:00Z,M02,OP08,SH-20260912-B,Wheel Loader,Zone_E,8042.7,28.6,45,10,323.2,236.2,true,false,false
2026-09-12T15:00:00Z,M03,OP09,SH-20260912-B,Excavator,Zone_F,11677.9,36.9,55,8,299.3,396.9,true,true,true
2026-09-12T15:00:00Z,M04,OP10,SH-20260912-B,Dozer,Zone_C,5854.4,44.3,22,21,338.2,326.9,true,true,true
2026-09-12T15:00:00Z,M05,OP11,SH-20260912-B,Articulated Truck,Zone_C,9614.7,31.3,4,17,325.5,39.5,true,true,true
2026-09-12T15:00:00Z,M06,OP12,SH-20260912-B,Motor Grader,Zone_F,3673.4,22.5,7,15,326.7,266.9,true,true,true
2026-09-12T17:00:00Z,M01,OP07,SH-20260912-B,Excavator,Zone_A,4721.7,35.4,58,6,324.0,299.2,true,false,false
2026-09-12T17:00:00Z,M02,OP08,SH-20260912-B,Wheel Loader,Zone_E,8044.6,30.7,42,13,324.8,238.1,true,false,false
2026-09-12T17:00:00Z,M03,OP09,SH-20260912-B,Excavator,Zone_B,11679.8,43.9,5,108,299.1,398.8,true,true,true
2026-09-12T17:00:00Z,M04,OP10,SH-20260912-B,Dozer,Zone_H,5856.2,49.6,29,5,332.0,328.7,true,false,false
2026-09-12T17:00:00Z,M05,OP11,SH-20260912-B,Articulated Truck,Zone_B,9616.7,39.7,6,4,325.4,41.5,true,true,true
2026-09-12T17:00:00Z,M06,OP12,SH-20260912-B,Motor Grader,Zone_F,3675.3,23.1,9,16,325.0,268.8,true,false,false
2026-09-12T19:00:00Z,M01,OP07,SH-20260912-B,Excavator,Zone_A,4723.5,38.5,60,13,326.9,301.0,true,false,false
2026-09-12T19:00:00Z,M02,OP08,SH-20260912-B,Wheel Loader,Zone_E,8046.6,28.9,40,12,322.4,240.1,true,false,false
2026-09-12T19:00:00Z,M03,OP09,SH-20260912-B,Excavator,Zone_B,11681.7,37.4,41,29,298.8,400.7,true,false,false
2026-09-12T19:00:00Z,M04,OP10,SH-20260912-B,Dozer,Zone_G,5858.0,49.5,22,9,328.8,330.5,true,false,false
2026-09-12T19:00:00Z,M05,OP11,SH-20260912-B,Articulated Truck,Zone_D,9618.5,30.6,4,31,324.8,43.3,true,false,false
2026-09-12T19:00:00Z,M06,OP12,SH-20260912-B,Motor Grader,Zone_F,3677.1,25.5,9,8,329.9,270.6,true,false,false
2026-09-12T21:00:00Z,M01,OP07,SH-20260912-B,Excavator,Zone_A,4725.5,43.9,46,8,325.1,303.0,true,false,false
2026-09-12T21:00:00Z,M02,OP08,SH-20260912-B,Wheel Loader,Zone_G,8048.5,32.0,31,14,323.7,242.0,true,false,false
2026-09-12T21:00:00Z,M03,OP09,SH-20260912-B,Excavator,Zone_B,11683.5,24.5,21,72,293.0,402.5,true,false,false
2026-09-12T21:00:00Z,M04,OP10,SH-20260912-B,Dozer,Zone_C,5859.9,30.6,10,75,323.4,332.4,true,false,false
2026-09-12T21:00:00Z,M05,OP11,SH-20260912-B,Articulated Truck,Zone_D,9620.5,28.1,3,54,325.9,45.3,true,false,false
2026-09-12T21:00:00Z,M06,OP12,SH-20260912-B,Motor Grader,Zone_F,3679.1,21.0,6,39,330.0,272.6,true,false,false
2026-09-13T07:00:00Z,M01,OP01,SH-20260913-A,Excavator,Zone_E,4727.5,40.2,63,10,328.1,305.0,true,true,true
2026-09-13T07:00:00Z,M02,OP02,SH-20260913-A,Wheel Loader,Zone_E,8050.4,33.4,36,11,319.3,243.9,true,true,true
2026-09-13T07:00:00Z,M03,OP03,SH-20260913-A,Excavator,Zone_F,11685.4,38.6,46,16,299.3,404.4,true,false,false
2026-09-13T07:00:00Z,M04,OP04,SH-20260913-A,Dozer,Zone_C,5861.8,45.5,24,13,327.4,334.3,true,false,false
2026-09-13T07:00:00Z,M05,OP05,SH-20260913-A,Articulated Truck,Zone_H,9622.4,36.9,5,16,320.7,47.2,true,true,true
2026-09-13T07:00:00Z,M06,OP06,SH-20260913-A,Motor Grader,Zone_H,3680.9,19.9,7,33,323.9,274.4,true,true,true
2026-09-13T09:00:00Z,M01,OP01,SH-20260913-A,Excavator,Zone_A,4729.3,35.7,54,6,328.0,306.8,true,true,true
2026-09-13T09:00:00Z,M02,OP02,SH-20260913-A,Wheel Loader,Zone_A,8052.3,32.2,46,4,318.2,245.8,true,true,true
2026-09-13T09:00:00Z,M03,OP03,SH-20260913-A,Excavator,Zone_B,11687.4,43.4,59,2,296.3,406.4,true,false,false
2026-09-13T09:00:00Z,M04,OP04,SH-20260913-A,Dozer,Zone_C,5863.7,45.6,18,16,330.8,336.2,true,false,false
2026-09-13T09:00:00Z,M05,OP05,SH-20260913-A,Articulated Truck,Zone_H,9624.4,40.3,6,5,323.4,49.2,true,false,false
2026-09-13T09:00:00Z,M06,OP06,SH-20260913-A,Motor Grader,Zone_F,3682.8,23.5,9,11,328.7,276.3,true,false,false
2026-09-13T11:00:00Z,M01,OP01,SH-20260913-A,Excavator,Zone_E,4731.3,37.6,51,17,327.5,308.8,true,false,false
2026-09-13T11:00:00Z,M02,OP02,SH-20260913-A,Wheel Loader,Zone_A,8054.2,25.8,31,29,323.1,247.7,true,true,true
2026-09-13T11:00:00Z,M03,OP03,SH-20260913-A,Excavator,Zone_B,11689.3,43.1,56,8,299.2,408.3,true,false,false
2026-09-13T11:00:00Z,M04,OP04,SH-20260913-A,Dozer,Zone_A,5865.7,39.3,16,40,332.7,338.2,true,true,true
2026-09-13T11:00:00Z,M05,OP05,SH-20260913-A,Articulated Truck,Zone_D,9626.2,35.7,6,11,326.3,51.0,true,false,false
2026-09-13T11:00:00Z,M06,OP06,SH-20260913-A,Motor Grader,Zone_F,3684.6,18.7,6,52,330.9,278.1,true,false,false
2026-09-13T13:00:00Z,M01,OP01,SH-20260913-A,Excavator,Zone_B,4733.1,34.3,62,14,323.7,310.6,true,false,false
2026-09-13T13:00:00Z,M02,OP02,SH-20260913-A,Wheel Loader,Zone_E,8056.0,15.9,8,93,322.3,249.5,true,false,false
2026-09-13T13:00:00Z,M03,OP03,SH-20260913-A,Excavator,Zone_A,11691.2,38.0,70,2,302.9,410.2,true,true,true
2026-09-13T13:00:00Z,M04,OP04,SH-20260913-A,Dozer,Zone_G,5867.7,33.2,9,72,329.3,340.2,true,false,false
2026-09-13T13:00:00Z,M05,OP05,SH-20260913-A,Articulated Truck,Zone_D,9628.1,38.9,5,5,323.5,52.9,true,false,false
2026-09-13T13:00:00Z,M06,OP06,SH-20260913-A,Motor Grader,Zone_A,3686.6,20.6,6,50,326.8,280.1,true,true,true
2026-09-13T15:00:00Z,M01,OP07,SH-20260913-B,Excavator,Zone_C,4735.0,37.3,59,9,325.2,312.5,true,true,true
2026-09-13T15:00:00Z,M02,OP08,SH-20260913-B,Wheel Loader,Zone_E,8058.0,33.7,47,7,322.9,251.5,true,false,false
2026-09-13T15:00:00Z,M03,OP09,SH-20260913-B,Excavator,Zone_A,11693.1,44.6,62,4,301.6,412.1,true,false,false
2026-09-13T15:00:00Z,M04,OP10,SH-20260913-B,Dozer,Zone_C,5869.5,41.6,19,26,334.8,342.0,true,true,true
2026-09-13T15:00:00Z,M05,OP11,SH-20260913-B,Articulated Truck,Zone_D,9630.0,36.4,6,15,320.3,54.8,true,false,false
2026-09-13T15:00:00Z,M06,OP12,SH-20260913-B,Motor Grader,Zone_F,3688.6,28.2,10,8,325.4,282.1,true,false,false
2026-09-13T17:00:00Z,M01,OP07,SH-20260913-B,Excavator,Zone_D,4736.9,37.1,62,11,320.6,314.4,true,false,false
2026-09-13T17:00:00Z,M02,OP08,SH-20260913-B,Wheel Loader,Zone_F,8059.9,32.5,33,8,323.0,253.4,true,true,true
2026-09-13T17:00:00Z,M03,OP09,SH-20260913-B,Excavator,Zone_B,11695.0,35.5,43,16,299.5,414.0,true,false,false
2026-09-13T17:00:00Z,M04,OP10,SH-20260913-B,Dozer,Zone_C,5871.3,42.7,18,21,325.5,343.8,true,false,false
2026-09-13T17:00:00Z,M05,OP11,SH-20260913-B,Articulated Truck,Zone_G,9631.8,33.6,5,15,329.0,56.6,true,false,false
2026-09-13T17:00:00Z,M06,OP12,SH-20260913-B,Motor Grader,Zone_F,3690.5,27.6,9,15,330.1,284.0,true,true,true
2026-09-13T19:00:00Z,M01,OP07,SH-20260913-B,Excavator,Zone_A,4738.7,38.0,71,2,324.1,316.2,true,false,false
2026-09-13T19:00:00Z,M02,OP08,SH-20260913-B,Wheel Loader,Zone_E,8061.7,28.0,43,10,325.0,255.2,true,false,false
2026-09-13T19:00:00Z,M03,OP09,SH-20260913-B,Excavator,Zone_D,11697.0,45.8,54,7,298.8,416.0,true,true,true
2026-09-13T19:00:00Z,M04,OP10,SH-20260913-B,Dozer,Zone_C,5873.3,45.6,20,33,329.8,345.8,true,false,false
2026-09-13T19:00:00Z,M05,OP11,SH-20260913-B,Articulated Truck,Zone_D,9633.7,32.9,4,31,319.1,58.5,true,true,true
2026-09-13T19:00:00Z,M06,OP12,SH-20260913-B,Motor Grader,Zone_F,3692.5,27.4,9,6,327.3,286.0,true,false,false
2026-09-13T21:00:00Z,M01,OP07,SH-20260913-B,Excavator,Zone_E,4740.7,42.3,62,3,324.8,318.2,true,false,false
2026-09-13T21:00:00Z,M02,OP08,SH-20260913-B,Wheel Loader,Zone_C,8063.7,22.2,15,70,324.8,257.2,true,false,false
2026-09-13T21:00:00Z,M03,OP09,SH-20260913-B,Excavator,Zone_B,11698.9,27.0,20,75,300.2,417.9,true,false,false
2026-09-13T21:00:00Z,M04,OP10,SH-20260913-B,Dozer,Zone_H,5875.3,39.5,18,51,332.0,347.8,true,false,false
2026-09-13T21:00:00Z,M05,OP11,SH-20260913-B,Articulated Truck,Zone_F,9635.7,32.8,4,47,321.0,60.5,true,true,true
2026-09-13T21:00:00Z,M06,OP12,SH-20260913-B,Motor Grader,Zone_F,3694.3,22.5,7,28,332.6,287.8,true,true,true
2026-09-14T07:00:00Z,M01,OP01,SH-20260914-A,Excavator,Zone_A,4742.7,38.8,6,115,324.9,320.2,true,false,false
2026-09-14T07:00:00Z,M02,OP02,SH-20260914-A,Wheel Loader,Zone_E,8065.6,31.0,42,9,326.7,259.1,true,false,false
2026-09-14T07:00:00Z,M03,OP03,SH-20260914-A,Excavator,Zone_G,11700.9,43.3,56,12,295.9,419.9,true,false,false
2026-09-14T07:00:00Z,M04,OP04,SH-20260914-A,Dozer,Zone_C,5877.3,47.8,20,8,336.1,349.8,true,false,false
2026-09-14T07:00:00Z,M05,OP05,SH-20260914-A,Articulated Truck,Zone_D,9637.7,38.5,5,11,320.8,62.5,true,false,false
2026-09-14T07:00:00Z,M06,OP06,SH-20260914-A,Motor Grader,Zone_F,3696.3,24.4,10,12,321.1,289.8,true,false,false
2026-09-14T09:00:00Z,M01,OP01,SH-20260914-A,Excavator,Zone_A,4744.6,35.3,63,5,335.2,322.1,true,false,false
2026-09-14T09:00:00Z,M02,OP02,SH-20260914-A,Wheel Loader,Zone_E,8067.5,28.7,47,11,323.8,261.0,true,true,true
2026-09-14T09:00:00Z,M03,OP03,SH-20260914-A,Excavator,Zone_E,11702.9,36.8,44,33,293.9,421.9,true,true,true
2026-09-14T09:00:00Z,M04,OP04,SH-20260914-A,Dozer,Zone_C,5879.3,45.1,19,24,326.8,351.8,true,false,false
2026-09-14T09:00:00Z,M05,OP05,SH-20260914-A,Articulated Truck,Zone_D,9639.7,40.5,5,9,315.3,64.5,true,false,false
2026-09-14T09:00:00Z,M06,OP06,SH-20260914-A,Motor Grader,Zone_F,3698.3,24.1,7,19,325.7,291.8,true,false,false
2026-09-14T11:00:00Z,M01,OP01,SH-20260914-A,Excavator,Zone_B,4746.5,32.9,59,10,327.3,324.0,true,true,true
2026-09-14T11:00:00Z,M02,OP02,SH-20260914-A,Wheel Loader,Zone_E,8069.5,30.0,43,17,318.8,263.0,true,false,false
2026-09-14T11:00:00Z,M03,OP03,SH-20260914-A,Excavator,Zone_B,11704.8,41.8,56,9,292.1,423.8,true,true,true
2026-09-14T11:00:00Z,M04,OP04,SH-20260914-A,Dozer,Zone_C,5881.2,42.2,19,26,327.0,353.7,true,false,false
2026-09-14T11:00:00Z,M05,OP05,SH-20260914-A,Articulated Truck,Zone_D,9641.6,38.8,6,3,325.0,66.4,true,false,false
2026-09-14T11:00:00Z,M06,OP06,SH-20260914-A,Motor Grader,Zone_F,3700.1,22.1,9,23,332.6,293.6,true,false,false
2026-09-14T13:00:00Z,M01,OP01,SH-20260914-A,Excavator,Zone_A,4748.4,32.4,47,42,325.9,325.9,true,false,false
2026-09-14T13:00:00Z,M02,OP02,SH-20260914-A,Wheel Loader,Zone_E,8071.5,28.6,32,39,317.4,265.0,true,false,false
2026-09-14T13:00:00Z,M03,OP03,SH-20260914-A,Excavator,Zone_B,11706.7,31.3,45,33,293.5,425.7,true,false,false
2026-09-14T13:00:00Z,M04,OP04,SH-20260914-A,Dozer,Zone_C,5883.1,28.4,7,82,325.8,355.6,true,false,false
2026-09-14T13:00:00Z,M05,OP05,SH-20260914-A,Articulated Truck,Zone_D,9643.6,39.9,5,5,322.4,68.4,true,false,false
2026-09-14T13:00:00Z,M06,OP06,SH-20260914-A,Motor Grader,Zone_F,3701.9,12.3,2,92,330.5,295.4,false,false,true
2026-09-14T15:00:00Z,M01,OP07,SH-20260914-B,Excavator,Zone_A,4750.3,34.3,45,26,322.1,327.8,true,false,false
2026-09-14T15:00:00Z,M02,OP08,SH-20260914-B,Wheel Loader,Zone_F,8073.5,34.1,49,8,323.7,267.0,true,true,true
2026-09-14T15:00:00Z,M03,OP09,SH-20260914-B,Excavator,Zone_C,11708.5,33.1,51,17,292.6,427.5,true,false,false
2026-09-14T15:00:00Z,M04,OP10,SH-20260914-B,Dozer,Zone_G,5884.9,44.4,21,10,326.5,357.4,true,false,false
2026-09-14T15:00:00Z,M05,OP11,SH-20260914-B,Articulated Truck,Zone_B,9645.6,44.1,7,5,321.9,70.4,true,false,false
2026-09-14T15:00:00Z,M06,OP12,SH-20260914-B,Motor Grader,Zone_F,3703.7,23.2,11,12,326.8,297.2,true,true,true
2026-09-14T17:00:00Z,M01,OP07,SH-20260914-B,Excavator,Zone_A,4752.2,32.4,36,36,319.9,329.7,true,false,false
2026-09-14T17:00:00Z,M02,OP08,SH-20260914-B,Wheel Loader,Zone_E,8075.4,30.4,43,5,313.5,268.9,true,false,false
2026-09-14T17:00:00Z,M03,OP09,SH-20260914-B,Excavator,Zone_H,11710.4,46.1,57,2,295.8,429.4,true,true,true
2026-09-14T17:00:00Z,M04,OP10,SH-20260914-B,Dozer,Zone_C,5886.8,50.6,25,8,327.4,359.3,true,false,false
2026-09-14T17:00:00Z,M05,OP11,SH-20260914-B,Articulated Truck,Zone_H,9647.5,33.6,5,27,322.8,72.3,true,true,true
2026-09-14T17:00:00Z,M06,OP12,SH-20260914-B,Motor Grader,Zone_G,3705.7,26.5,11,6,326.1,299.2,true,false,false
2026-09-14T19:00:00Z,M01,OP07,SH-20260914-B,Excavator,Zone_A,4754.0,34.3,51,19,329.8,331.5,true,false,false
2026-09-14T19:00:00Z,M02,OP08,SH-20260914-B,Wheel Loader,Zone_C,8077.4,35.3,42,6,321.3,270.9,true,true,true
2026-09-14T19:00:00Z,M03,OP09,SH-20260914-B,Excavator,Zone_B,11712.4,44.3,55,4,298.9,431.4,true,false,false
2026-09-14T19:00:00Z,M04,OP10,SH-20260914-B,Dozer,Zone_C,5888.8,46.0,21,32,327.0,361.3,true,true,true
2026-09-14T19:00:00Z,M05,OP11,SH-20260914-B,Articulated Truck,Zone_D,9649.5,41.9,6,4,320.6,74.3,false,false,true
2026-09-14T19:00:00Z,M06,OP12,SH-20260914-B,Motor Grader,Zone_F,3707.6,23.0,10,9,327.6,301.1,true,false,false
2026-09-14T21:00:00Z,M01,OP07,SH-20260914-B,Excavator,Zone_A,4755.9,41.4,54,20,327.0,333.4,true,false,false
2026-09-14T21:00:00Z,M02,OP08,SH-20260914-B,Wheel Loader,Zone_E,8079.3,22.5,28,56,318.6,272.8,true,false,false
2026-09-14T21:00:00Z,M03,OP09,SH-20260914-B,Excavator,Zone_F,11714.3,29.0,38,57,298.3,433.3,true,true,true
2026-09-14T21:00:00Z,M04,OP10,SH-20260914-B,Dozer,Zone_C,5890.8,28.0,8,86,322.4,363.3,true,false,false
2026-09-14T21:00:00Z,M05,OP11,SH-20260914-B,Articulated Truck,Zone_G,9651.5,38.3,5,15,328.0,76.3,true,false,false
2026-09-14T21:00:00Z,M06,OP12,SH-20260914-B,Motor Grader,Zone_F,3709.5,18.2,5,59,334.1,303.0,true,true,true
2026-09-15T07:00:00Z,M01,OP01,SH-20260915-A,Excavator,Zone_A,4757.9,37.5,58,8,320.4,335.4,true,true,true
2026-09-15T07:00:00Z,M02,OP02,SH-20260915-A,Wheel Loader,Zone_A,8081.1,29.1,49,5,318.7,274.6,true,true,true
2026-09-15T07:00:00Z,M03,OP03,SH-20260915-A,Excavator,Zone_B,11716.3,47.6,56,5,293.4,435.3,true,false,false
2026-09-15T07:00:00Z,M04,OP04,SH-20260915-A,Dozer,Zone_C,5892.8,48.6,21,13,327.8,365.3,true,false,false
2026-09-15T07:00:00Z,M05,OP05,SH-20260915-A,Articulated Truck,Zone_D,9653.5,32.4,4,37,322.5,78.3,true,false,false
2026-09-15T07:00:00Z,M06,OP06,SH-20260915-A,Motor Grader,Zone_F,3711.4,24.4,10,7,328.6,304.9,true,false,false
2026-09-15T09:00:00Z,M01,OP01,SH-20260915-A,Excavator,Zone_A,4759.9,40.9,53,14,321.1,337.4,true,false,false
2026-09-15T09:00:00Z,M02,OP02,SH-20260915-A,Wheel Loader,Zone_G,8083.1,32.6,44,4,324.3,276.6,true,false,false
2026-09-15T09:00:00Z,M03,OP03,SH-20260915-A,Excavator,Zone_H,11718.2,42.5,51,4,300.3,437.2,true,false,false
2026-09-15T09:00:00Z,M04,OP04,SH-20260915-A,Dozer,Zone_C,5894.7,48.5,25,9,327.4,367.2,true,false,false
2026-09-15T09:00:00Z,M05,OP05,SH-20260915-A,Articulated Truck,Zone_D,9655.4,37.6,6,2,321.2,80.2,true,false,false
2026-09-15T09:00:00Z,M06,OP06,SH-20260915-A,Motor Grader,Zone_F,3713.4,27.3,9,19,328.7,306.9,true,false,false
2026-09-15T11:00:00Z,M01,OP01,SH-20260915-A,Excavator,Zone_A,4761.8,29.1,40,51,325.2,339.3,true,false,false
2026-09-15T11:00:00Z,M02,OP02,SH-20260915-A,Wheel Loader,Zone_E,8085.0,28.5,33,28,321.4,278.5,true,true,true
2026-09-15T11:00:00Z,M03,OP03,SH-20260915-A,Excavator,Zone_B,11720.1,36.0,43,36,291.2,439.1,true,false,false
2026-09-15T11:00:00Z,M04,OP04,SH-20260915-A,Dozer,Zone_C,5896.6,42.2,20,25,322.4,369.1,true,false,false
2026-09-15T11:00:00Z,M05,OP05,SH-20260915-A,Articulated Truck,Zone_D,9657.2,35.2,6,8,323.9,82.0,true,false,false
2026-09-15T11:00:00Z,M06,OP06,SH-20260915-A,Motor Grader,Zone_E,3715.2,22.6,10,4,326.7,308.7,true,true,true
2026-09-15T13:00:00Z,M01,OP01,SH-20260915-A,Excavator,Zone_A,4763.8,32.9,32,51,325.7,341.3,true,false,false
2026-09-15T13:00:00Z,M02,OP02,SH-20260915-A,Wheel Loader,Zone_E,8087.0,21.2,18,61,320.6,280.5,true,false,false
2026-09-15T13:00:00Z,M03,OP03,SH-20260915-A,Excavator,Zone_C,11721.9,27.1,28,66,297.9,440.9,true,true,true
2026-09-15T13:00:00Z,M04,OP04,SH-20260915-A,Dozer,Zone_C,5898.6,42.2,12,50,331.0,371.1,true,true,true
2026-09-15T13:00:00Z,M05,OP05,SH-20260915-A,Articulated Truck,Zone_D,9659.2,36.0,5,32,323.7,84.0,true,false,false
2026-09-15T13:00:00Z,M06,OP06,SH-20260915-A,Motor Grader,Zone_F,3717.0,18.9,6,41,326.4,310.5,true,false,false
2026-09-15T15:00:00Z,M01,OP07,SH-20260915-B,Excavator,Zone_D,4765.7,39.4,44,8,324.6,343.2,true,false,false
2026-09-15T15:00:00Z,M02,OP08,SH-20260915-B,Wheel Loader,Zone_E,8088.8,26.1,34,22,319.8,282.3,true,false,false
2026-09-15T15:00:00Z,M03,OP09,SH-20260915-B,Excavator,Zone_B,11723.9,82.2,59,9,289.3,442.9,true,false,false
2026-09-15T15:00:00Z,M04,OP10,SH-20260915-B,Dozer,Zone_C,5900.4,43.8,22,18,325.6,372.9,true,true,true
2026-09-15T15:00:00Z,M05,OP11,SH-20260915-B,Articulated Truck,Zone_C,9661.0,34.7,7,6,321.3,85.8,true,true,true
2026-09-15T15:00:00Z,M06,OP12,SH-20260915-B,Motor Grader,Zone_F,3718.9,24.6,9,17,325.9,312.4,true,false,false
2026-09-15T17:00:00Z,M01,OP07,SH-20260915-B,Excavator,Zone_A,4767.6,39.1,55,11,326.8,345.1,true,false,false
2026-09-15T17:00:00Z,M02,OP08,SH-20260915-B,Wheel Loader,Zone_H,8090.6,27.1,38,26,318.8,284.1,true,false,false
2026-09-15T17:00:00Z,M03,OP09,SH-20260915-B,Excavator,Zone_B,11725.8,41.3,54,7,294.6,444.8,true,false,false
2026-09-15T17:00:00Z,M04,OP10,SH-20260915-B,Dozer,Zone_C,5902.2,45.0,23,8,324.4,374.7,true,false,false
2026-09-15T17:00:00Z,M05,OP11,SH-20260915-B,Articulated Truck,Zone_D,9663.0,36.0,5,18,262.6,87.8,true,false,false
2026-09-15T17:00:00Z,M06,OP12,SH-20260915-B,Motor Grader,Zone_F,3720.8,22.0,7,34,318.2,314.3,true,false,false
2026-09-15T19:00:00Z,M01,OP07,SH-20260915-B,Excavator,Zone_G,4769.5,36.1,69,9,321.5,347.0,true,false,false
2026-09-15T19:00:00Z,M02,OP08,SH-20260915-B,Wheel Loader,Zone_E,8092.6,31.6,38,15,316.7,286.1,true,false,false
2026-09-15T19:00:00Z,M03,OP09,SH-20260915-B,Excavator,Zone_B,11727.8,35.3,47,33,295.6,446.8,true,false,false
2026-09-15T19:00:00Z,M04,OP10,SH-20260915-B,Dozer,Zone_C,5904.2,45.1,25,19,332.7,376.7,true,false,false
2026-09-15T19:00:00Z,M05,OP11,SH-20260915-B,Articulated Truck,Zone_A,9664.9,34.6,4,27,320.3,89.7,true,false,false
2026-09-15T19:00:00Z,M06,OP12,SH-20260915-B,Motor Grader,Zone_F,3722.7,25.0,8,10,329.6,316.2,true,false,false
2026-09-15T21:00:00Z,M01,OP07,SH-20260915-B,Excavator,Zone_A,4771.5,36.5,44,29,327.8,349.0,true,true,true
2026-09-15T21:00:00Z,M02,OP08,SH-20260915-B,Wheel Loader,Zone_A,8094.5,34.7,39,6,316.7,288.0,true,true,true
2026-09-15T21:00:00Z,M03,OP09,SH-20260915-B,Excavator,Zone_B,11729.7,27.6,30,65,294.1,448.7,true,false,false
2026-09-15T21:00:00Z,M04,OP10,SH-20260915-B,Dozer,Zone_F,5906.1,53.2,26,7,332.6,378.6,true,false,false
2026-09-15T21:00:00Z,M05,OP11,SH-20260915-B,Articulated Truck,Zone_D,9666.7,22.7,2,83,321.3,91.5,true,true,true
2026-09-15T21:00:00Z,M06,OP12,SH-20260915-B,Motor Grader,Zone_D,3724.5,15.7,3,71,323.9,318.0,true,true,true
2026-09-16T07:00:00Z,M01,OP01,SH-20260916-A,Excavator,Zone_A,4773.4,38.5,46,7,319.7,350.9,true,true,true
2026-09-16T07:00:00Z,M02,OP02,SH-20260916-A,Wheel Loader,Zone_A,8096.5,37.5,41,5,319.2,290.0,true,true,true
2026-09-16T07:00:00Z,M03,OP03,SH-20260916-A,Excavator,Zone_F,11731.5,37.8,47,21,295.8,450.5,true,true,true
2026-09-16T07:00:00Z,M04,OP04,SH-20260916-A,Dozer,Zone_C,5907.9,47.4,24,7,324.2,380.4,true,false,false
2026-09-16T07:00:00Z,M05,OP05,SH-20260916-A,Articulated Truck,Zone_H,9668.5,38.1,6,9,328.4,93.3,true,false,false
2026-09-16T07:00:00Z,M06,OP06,SH-20260916-A,Motor Grader,Zone_F,3726.3,26.5,8,3,326.8,319.8,false,true,true
2026-09-16T09:00:00Z,M01,OP01,SH-20260916-A,Excavator,Zone_A,4775.4,36.2,52,25,330.3,352.9,false,true,true
2026-09-16T09:00:00Z,M02,OP02,SH-20260916-A,Wheel Loader,Zone_G,8098.4,29.2,31,23,326.4,291.9,true,false,false
2026-09-16T09:00:00Z,M03,OP03,SH-20260916-A,Excavator,Zone_A,11733.5,45.5,53,14,289.9,452.5,true,true,true
2026-09-16T09:00:00Z,M04,OP04,SH-20260916-A,Dozer,Zone_C,5909.9,49.2,25,16,330.6,382.4,true,false,false
2026-09-16T09:00:00Z,M05,OP05,SH-20260916-A,Articulated Truck,Zone_D,9670.5,41.5,5,5,321.2,95.3,true,false,false
2026-09-16T09:00:00Z,M06,OP06,SH-20260916-A,Motor Grader,Zone_E,3728.3,26.8,10,11,323.1,321.8,true,false,false
2026-09-16T11:00:00Z,M01,OP01,SH-20260916-A,Excavator,Zone_H,4777.3,31.7,35,36,321.3,354.8,true,false,false
2026-09-16T11:00:00Z,M02,OP02,SH-20260916-A,Wheel Loader,Zone_E,8100.2,28.9,49,17,320.8,293.7,true,false,false
2026-09-16T11:00:00Z,M03,OP03,SH-20260916-A,Excavator,Zone_B,11735.4,41.7,5,100,292.4,454.4,true,false,false
2026-09-16T11:00:00Z,M04,OP04,SH-20260916-A,Dozer,Zone_C,5911.8,42.8,15,33,325.0,384.3,true,true,true
2026-09-16T11:00:00Z,M05,OP05,SH-20260916-A,Articulated Truck,Zone_D,9672.4,38.9,5,5,320.6,97.2,true,false,false
2026-09-16T11:00:00Z,M06,OP06,SH-20260916-A,Motor Grader,Zone_C,3730.3,24.3,9,34,330.3,323.8,true,true,true
2026-09-16T13:00:00Z,M01,OP01,SH-20260916-A,Excavator,Zone_A,4779.2,29.2,34,50,326.7,356.7,true,false,false
2026-09-16T13:00:00Z,M02,OP02,SH-20260916-A,Wheel Loader,Zone_E,8102.1,21.3,29,60,324.9,295.6,true,false,false
2026-09-16T13:00:00Z,M03,OP03,SH-20260916-A,Excavator,Zone_D,11737.3,26.2,23,77,287.9,456.3,true,true,true
2026-09-16T13:00:00Z,M04,OP04,SH-20260916-A,Dozer,Zone_C,5913.8,40.5,18,39,328.5,386.3,true,false,false
2026-09-16T13:00:00Z,M05,OP05,SH-20260916-A,Articulated Truck,Zone_D,9674.3,29.7,3,56,323.1,99.1,false,true,true
2026-09-16T13:00:00Z,M06,OP06,SH-20260916-A,Motor Grader,Zone_F,3732.1,26.0,8,5,323.8,325.6,true,false,false
2026-09-16T15:00:00Z,M01,OP07,SH-20260916-B,Excavator,Zone_A,4781.1,40.5,52,6,323.6,358.6,true,false,false
2026-09-16T15:00:00Z,M02,OP08,SH-20260916-B,Wheel Loader,Zone_G,8104.1,34.5,41,11,318.8,297.6,true,false,false
2026-09-16T15:00:00Z,M03,OP09,SH-20260916-B,Excavator,Zone_H,11739.2,40.3,50,14,298.4,458.2,true,false,false
2026-09-16T15:00:00Z,M04,OP10,SH-20260916-B,Dozer,Zone_C,5915.7,45.3,30,3,330.7,388.2,true,false,false
2026-09-16T15:00:00Z,M05,OP11,SH-20260916-B,Articulated Truck,Zone_D,9676.3,43.1,6,12,322.5,101.1,true,false,false
2026-09-16T15:00:00Z,M06,OP12,SH-20260916-B,Motor Grader,Zone_F,3734.0,27.8,9,6,326.2,327.5,true,false,false
2026-09-16T17:00:00Z,M01,OP07,SH-20260916-B,Excavator,Zone_E,4782.9,36.0,52,19,324.5,360.4,true,true,true
2026-09-16T17:00:00Z,M02,OP08,SH-20260916-B,Wheel Loader,Zone_C,8105.9,30.3,47,1,319.5,299.4,true,false,false
2026-09-16T17:00:00Z,M03,OP09,SH-20260916-B,Excavator,Zone_A,11741.1,43.2,55,9,291.3,460.1,true,false,false
2026-09-16T17:00:00Z,M04,OP10,SH-20260916-B,Dozer,Zone_E,5917.5,45.4,22,13,323.3,390.0,true,true,true
2026-09-16T17:00:00Z,M05,OP11,SH-20260916-B,Articulated Truck,Zone_D,9678.3,41.2,6,9,322.1,103.1,true,false,false
2026-09-16T17:00:00Z,M06,OP12,SH-20260916-B,Motor Grader,Zone_E,3735.9,25.9,8,12,325.7,329.4,true,true,true
2026-09-16T19:00:00Z,M01,OP07,SH-20260916-B,Excavator,Zone_A,4784.8,38.0,48,13,326.3,362.3,true,true,true
2026-09-16T19:00:00Z,M02,OP08,SH-20260916-B,Wheel Loader,Zone_A,8107.8,31.1,40,7,328.0,301.3,true,true,true
2026-09-16T19:00:00Z,M03,OP09,SH-20260916-B,Excavator,Zone_H,11743.1,40.8,47,33,291.7,462.1,true,false,false
2026-09-16T19:00:00Z,M04,OP10,SH-20260916-B,Dozer,Zone_B,5919.4,43.2,18,36,332.6,391.9,true,false,false
2026-09-16T19:00:00Z,M05,OP11,SH-20260916-B,Articulated Truck,Zone_D,9680.1,36.8,5,13,323.1,104.9,true,false,false
2026-09-16T19:00:00Z,M06,OP12,SH-20260916-B,Motor Grader,Zone_F,3737.9,25.7,8,30,330.7,331.4,true,false,false
2026-09-16T21:00:00Z,M01,OP07,SH-20260916-B,Excavator,Zone_A,4786.7,31.1,38,48,325.5,364.2,true,false,false
2026-09-16T21:00:00Z,M02,OP08,SH-20260916-B,Wheel Loader,Zone_E,8109.6,30.2,50,4,317.5,303.1,true,false,false
2026-09-16T21:00:00Z,M03,OP09,SH-20260916-B,Excavator,Zone_B,11744.9,26.7,25,66,294.5,463.9,true,false,false
2026-09-16T21:00:00Z,M04,OP10,SH-20260916-B,Dozer,Zone_C,5921.3,37.9,14,50,323.7,393.8,true,false,false
2026-09-16T21:00:00Z,M05,OP11,SH-20260916-B,Articulated Truck,Zone_D,9681.9,64.2,4,42,322.6,106.7,true,false,false
2026-09-16T21:00:00Z,M06,OP12,SH-20260916-B,Motor Grader,Zone_F,3739.8,18.1,4,69,325.0,333.3,true,false,false
2026-09-17T07:00:00Z,M01,OP01,SH-20260917-A,Excavator,Zone_A,4788.7,43.7,49,10,323.8,366.2,true,false,false
2026-09-17T07:00:00Z,M02,OP02,SH-20260917-A,Wheel Loader,Zone_F,8111.6,34.1,4,104,323.1,305.1,true,true,true
2026-09-17T07:00:00Z,M03,OP03,SH-20260917-A,Excavator,Zone_F,11746.9,44.9,65,5,289.6,465.9,true,true,true
2026-09-17T07:00:00Z,M04,OP04,SH-20260917-A,Dozer,Zone_B,5923.2,48.7,24,16,328.5,395.7,true,false,false
2026-09-17T07:00:00Z,M05,OP05,SH-20260917-A,Articulated Truck,Zone_E,9683.7,32.2,4,38,318.4,108.5,false,false,true
2026-09-17T07:00:00Z,M06,OP06,SH-20260917-A,Motor Grader,Zone_F,3741.8,29.2,11,7,324.2,335.3,true,true,true
2026-09-17T09:00:00Z,M01,OP01,SH-20260917-A,Excavator,Zone_H,4790.6,39.1,54,12,323.9,368.1,true,false,false
2026-09-17T09:00:00Z,M02,OP02,SH-20260917-A,Wheel Loader,Zone_F,8113.5,29.1,38,10,321.3,307.0,true,true,true
2026-09-17T09:00:00Z,M03,OP03,SH-20260917-A,Excavator,Zone_B,11748.8,41.9,50,7,288.9,467.8,true,false,false
2026-09-17T09:00:00Z,M04,OP04,SH-20260917-A,Dozer,Zone_F,5925.0,45.8,20,18,331.2,397.5,true,true,true
2026-09-17T09:00:00Z,M05,OP05,SH-20260917-A,Articulated Truck,Zone_D,9685.5,39.3,7,7,320.0,110.3,true,false,false
2026-09-17T09:00:00Z,M06,OP06,SH-20260917-A,Motor Grader,Zone_F,3743.8,27.1,7,16,326.1,337.3,true,true,true
2026-09-17T11:00:00Z,M01,OP01,SH-20260917-A,Excavator,Zone_A,4792.5,40.1,49,9,324.8,370.0,true,false,false
2026-09-17T11:00:00Z,M02,OP02,SH-20260917-A,Wheel Loader,Zone_F,8115.4,32.4,43,7,324.0,308.9,true,false,false
2026-09-17T11:00:00Z,M03,OP03,SH-20260917-A,Excavator,Zone_B,11750.6,39.4,51,3,291.8,469.6,true,false,false
2026-09-17T11:00:00Z,M04,OP04,SH-20260917-A,Dozer,Zone_C,5926.8,41.7,17,36,325.7,399.3,true,false,false
2026-09-17T11:00:00Z,M05,OP05,SH-20260917-A,Articulated Truck,Zone_D,9687.5,37.8,6,9,321.5,112.3,true,false,false
2026-09-17T11:00:00Z,M06,OP06,SH-20260917-A,Motor Grader,Zone_H,3745.7,19.0,8,50,321.5,339.2,true,false,false
2026-09-17T13:00:00Z,M01,OP01,SH-20260917-A,Excavator,Zone_G,4794.3,32.2,31,41,323.2,371.8,true,false,false
2026-09-17T13:00:00Z,M02,OP02,SH-20260917-A,Wheel Loader,Zone_A,8117.2,30.3,42,12,321.9,310.7,true,false,false
2026-09-17T13:00:00Z,M03,OP03,SH-20260917-A,Excavator,Zone_F,11752.4,25.5,20,75,296.6,471.4,true,true,true
2026-09-17T13:00:00Z,M04,OP04,SH-20260917-A,Dozer,Zone_C,5928.7,41.1,14,42,325.7,401.2,true,false,false
2026-09-17T13:00:00Z,M05,OP05,SH-20260917-A,Articulated Truck,Zone_D,9689.4,26.9,4,55,313.3,114.2,true,false,false
2026-09-17T13:00:00Z,M06,OP06,SH-20260917-A,Motor Grader,Zone_F,3747.6,21.1,6,45,325.7,341.1,true,true,true
2026-09-17T15:00:00Z,M01,OP07,SH-20260917-B,Excavator,Zone_B,4796.3,41.1,58,14,327.0,373.8,true,true,true
2026-09-17T15:00:00Z,M02,OP08,SH-20260917-B,Wheel Loader,Zone_E,8119.0,25.8,36,16,320.7,312.5,true,false,false
2026-09-17T15:00:00Z,M03,OP09,SH-20260917-B,Excavator,Zone_B,11754.2,41.9,55,7,293.5,473.2,true,true,true
2026-09-17T15:00:00Z,M04,OP10,SH-20260917-B,Dozer,Zone_B,5930.5,48.1,25,1,331.5,403.0,true,true,true
2026-09-17T15:00:00Z,M05,OP11,SH-20260917-B,Articulated Truck,Zone_D,9691.3,39.7,5,6,318.4,116.1,true,false,false
2026-09-17T15:00:00Z,M06,OP12,SH-20260917-B,Motor Grader,Zone_A,3749.4,23.5,9,20,326.8,342.9,true,false,false
2026-09-17T17:00:00Z,M01,OP07,SH-20260917-B,Excavator,Zone_A,4798.2,41.7,50,14,322.9,375.7,true,false,false
2026-09-17T17:00:00Z,M02,OP08,SH-20260917-B,Wheel Loader,Zone_D,8120.8,31.7,45,6,324.8,314.3,true,false,false
2026-09-17T17:00:00Z,M03,OP09,SH-20260917-B,Excavator,Zone_B,11756.1,41.7,48,4,290.8,475.1,true,false,false
2026-09-17T17:00:00Z,M04,OP10,SH-20260917-B,Dozer,Zone_F,5932.4,48.3,24,14,329.0,404.9,true,true,true
2026-09-17T17:00:00Z,M05,OP11,SH-20260917-B,Articulated Truck,Zone_H,9693.2,36.2,5,13,318.3,118.0,true,false,false
2026-09-17T17:00:00Z,M06,OP12,SH-20260917-B,Motor Grader,Zone_F,3751.2,23.5,8,23,318.0,344.7,true,true,true
2026-09-17T19:00:00Z,M01,OP07,SH-20260917-B,Excavator,Zone_A,4800.2,43.2,43,10,327.3,377.7,true,false,false
2026-09-17T19:00:00Z,M02,OP08,SH-20260917-B,Wheel Loader,Zone_E,8122.7,25.2,25,55,317.2,316.2,true,false,false
2026-09-17T19:00:00Z,M03,OP09,SH-20260917-B,Excavator,Zone_B,11758.0,39.1,62,7,292.6,477.0,true,false,false
2026-09-17T19:00:00Z,M04,OP10,SH-20260917-B,Dozer,Zone_C,5934.3,42.1,21,32,326.6,406.8,true,false,false
2026-09-17T19:00:00Z,M05,OP11,SH-20260917-B,Articulated Truck,Zone_D,9695.2,40.4,5,8,322.2,120.0,true,false,false
2026-09-17T19:00:00Z,M06,OP12,SH-20260917-B,Motor Grader,Zone_F,3753.1,23.8,9,9,328.9,346.6,true,false,false
2026-09-17T21:00:00Z,M01,OP07,SH-20260917-B,Excavator,Zone_D,4802.0,28.7,39,49,325.1,379.5,true,true,true
2026-09-17T21:00:00Z,M02,OP08,SH-20260917-B,Wheel Loader,Zone_F,8124.6,20.6,21,53,314.4,318.1,true,false,false
2026-09-17T21:00:00Z,M03,OP09,SH-20260917-B,Excavator,Zone_C,11759.9,32.8,32,49,291.8,478.9,true,false,false
2026-09-17T21:00:00Z,M04,OP10,SH-20260917-B,Dozer,Zone_E,5936.2,43.7,16,45,329.6,408.7,true,false,false
2026-09-17T21:00:00Z,M05,OP11,SH-20260917-B,Articulated Truck,Zone_D,9697.2,18.7,1,103,316.1,122.0,true,true,true
2026-09-17T21:00:00Z,M06,OP12,SH-20260917-B,Motor Grader,Zone_A,3755.1,22.9,8,27,323.5,348.6,true,false,false
2026-09-18T07:00:00Z,M01,OP01,SH-20260918-A,Excavator,Zone_A,4804.0,45.5,54,4,326.8,381.5,true,true,true
2026-09-18T07:00:00Z,M02,OP02,SH-20260918-A,Wheel Loader,Zone_E,8126.5,32.6,40,8,319.1,320.0,true,false,false
2026-09-18T07:00:00Z,M03,OP03,SH-20260918-A,Excavator,Zone_B,11761.8,41.1,52,6,296.0,480.8,true,false,false
2026-09-18T07:00:00Z,M04,OP04,SH-20260918-A,Dozer,Zone_H,5938.1,48.1,27,11,320.6,410.6,true,false,false
2026-09-18T07:00:00Z,M05,OP05,SH-20260918-A,Articulated Truck,Zone_D,9699.1,37.2,7,8,316.9,123.9,true,false,false
2026-09-18T07:00:00Z,M06,OP06,SH-20260918-A,Motor Grader,Zone_A,3757.1,24.0,9,15,327.4,350.6,true,true,true
2026-09-18T09:00:00Z,M01,OP01,SH-20260918-A,Excavator,Zone_C,4806.0,39.1,58,3,324.9,383.5,true,true,true
2026-09-18T09:00:00Z,M02,OP02,SH-20260918-A,Wheel Loader,Zone_D,8128.3,29.6,40,6,320.4,321.8,true,false,false
2026-09-18T09:00:00Z,M03,OP03,SH-20260918-A,Excavator,Zone_C,11763.6,38.0,52,12,295.1,482.6,true,true,true
2026-09-18T09:00:00Z,M04,OP04,SH-20260918-A,Dozer,Zone_F,5940.1,54.5,24,4,327.8,412.6,true,false,false
2026-09-18T09:00:00Z,M05,OP05,SH-20260918-A,Articulated Truck,Zone_H,9700.9,34.7,4,15,318.7,125.7,true,false,false
2026-09-18T09:00:00Z,M06,OP06,SH-20260918-A,Motor Grader,Zone_E,3758.9,24.2,11,6,327.6,352.4,true,false,false
2026-09-18T11:00:00Z,M01,OP01,SH-20260918-A,Excavator,Zone_A,4807.9,32.8,39,44,320.5,385.4,true,true,true
2026-09-18T11:00:00Z,M02,OP02,SH-20260918-A,Wheel Loader,Zone_E,8130.2,31.2,45,6,321.9,323.7,false,false,true
2026-09-18T11:00:00Z,M03,OP03,SH-20260918-A,Excavator,Zone_B,11765.4,40.6,66,4,293.3,484.4,true,false,false
2026-09-18T11:00:00Z,M04,OP04,SH-20260918-A,Dozer,Zone_C,5942.0,48.8,21,22,322.8,414.5,false,false,true
2026-09-18T11:00:00Z,M05,OP05,SH-20260918-A,Articulated Truck,Zone_D,9702.8,37.4,4,19,321.4,127.6,true,false,false
2026-09-18T11:00:00Z,M06,OP06,SH-20260918-A,Motor Grader,Zone_A,3760.8,26.6,9,7,326.2,354.3,true,true,true
2026-09-18T13:00:00Z,M01,OP01,SH-20260918-A,Excavator,Zone_A,4809.8,33.5,38,37,324.1,387.3,true,false,false
2026-09-18T13:00:00Z,M02,OP02,SH-20260918-A,Wheel Loader,Zone_E,8132.2,27.8,26,47,319.8,325.7,true,false,false
2026-09-18T13:00:00Z,M03,OP03,SH-20260918-A,Excavator,Zone_B,11767.2,27.5,26,56,295.7,486.2,true,true,true
2026-09-18T13:00:00Z,M04,OP04,SH-20260918-A,Dozer,Zone_C,5943.9,37.6,18,48,325.5,416.4,true,false,false
2026-09-18T13:00:00Z,M05,OP05,SH-20260918-A,Articulated Truck,Zone_G,9704.7,38.5,5,6,322.8,129.5,true,false,false
2026-09-18T13:00:00Z,M06,OP06,SH-20260918-A,Motor Grader,Zone_B,3762.7,18.3,5,51,325.2,356.2,true,true,true
2026-09-18T15:00:00Z,M01,OP07,SH-20260918-B,Excavator,Zone_A,4811.6,30.0,32,40,327.6,389.1,true,false,false
2026-09-18T15:00:00Z,M02,OP08,SH-20260918-B,Wheel Loader,Zone_B,8134.1,31.1,49,1,318.2,327.6,true,true,true
2026-09-18T15:00:00Z,M03,OP09,SH-20260918-B,Excavator,Zone_B,11769.0,39.4,57,15,290.7,488.0,true,true,true
2026-09-18T15:00:00Z,M04,OP10,SH-20260918-B,Dozer,Zone_C,5945.8,45.8,27,10,330.5,418.3,true,false,false
2026-09-18T15:00:00Z,M05,OP11,SH-20260918-B,Articulated Truck,Zone_E,9706.7,40.7,4,9,321.5,131.5,true,false,false
2026-09-18T15:00:00Z,M06,OP12,SH-20260918-B,Motor Grader,Zone_F,3764.7,27.3,11,4,327.5,358.2,true,false,false
2026-09-18T17:00:00Z,M01,OP07,SH-20260918-B,Excavator,Zone_A,4813.4,32.9,50,28,329.4,390.9,true,false,false
2026-09-18T17:00:00Z,M02,OP08,SH-20260918-B,Wheel Loader,Zone_E,8136.0,33.1,43,5,320.2,329.5,false,false,true
2026-09-18T17:00:00Z,M03,OP09,SH-20260918-B,Excavator,Zone_B,11770.8,30.3,45,48,289.1,489.8,true,false,false
2026-09-18T17:00:00Z,M04,OP10,SH-20260918-B,Dozer,Zone_C,5947.7,46.3,16,23,325.2,420.2,true,false,false
2026-09-18T17:00:00Z,M05,OP11,SH-20260918-B,Articulated Truck,Zone_G,9708.6,35.7,5,13,319.8,133.4,true,false,false
2026-09-18T17:00:00Z,M06,OP12,SH-20260918-B,Motor Grader,Zone_F,3766.7,24.4,7,27,327.8,360.2,true,false,false
2026-09-18T19:00:00Z,M01,OP07,SH-20260918-B,Excavator,Zone_A,4815.3,33.9,41,40,325.1,392.8,true,false,false
2026-09-18T19:00:00Z,M02,OP08,SH-20260918-B,Wheel Loader,Zone_E,8137.9,29.9,26,29,320.1,331.4,true,false,false
2026-09-18T19:00:00Z,M03,OP09,SH-20260918-B,Excavator,Zone_B,11772.7,39.9,53,20,293.3,491.7,true,false,false
2026-09-18T19:00:00Z,M04,OP10,SH-20260918-B,Dozer,Zone_D,5949.5,45.7,21,25,323.7,422.0,true,false,false
2026-09-18T19:00:00Z,M05,OP11,SH-20260918-B,Articulated Truck,Zone_H,9710.4,26.2,4,51,321.4,135.2,true,false,false
2026-09-18T19:00:00Z,M06,OP12,SH-20260918-B,Motor Grader,Zone_F,3768.6,26.9,10,4,322.0,362.1,true,false,false
2026-09-18T21:00:00Z,M01,OP07,SH-20260918-B,Excavator,Zone_A,4817.1,16.3,4,110,326.2,394.6,true,true,true
2026-09-18T21:00:00Z,M02,OP08,SH-20260918-B,Wheel Loader,Zone_G,8139.9,20.3,20,74,319.2,333.4,true,false,false
2026-09-18T21:00:00Z,M03,OP09,SH-20260918-B,Excavator,Zone_B,11774.6,40.4,60,9,289.0,493.6,true,false,false
2026-09-18T21:00:00Z,M04,OP10,SH-20260918-B,Dozer,Zone_A,5951.4,34.8,12,59,329.3,423.9,true,true,true
2026-09-18T21:00:00Z,M05,OP11,SH-20260918-B,Articulated Truck,Zone_D,9712.3,37.3,5,6,318.5,137.1,true,false,false
2026-09-18T21:00:00Z,M06,OP12,SH-20260918-B,Motor Grader,Zone_F,3770.6,17.8,4,78,327.2,364.1,true,false,false
